{"stats":{"minecraft:dropped":{"projectvibrantjourneys:orange_bark_mushroom":1,"minecraft:skeleton_skull":1},"minecraft:used":{"minecraft:stone_pickaxe":514,"minecraft:chest":1,"minecraft:wooden_pickaxe":12,"minecraft:iron_sword":1,"minecraft:iron_chestplate":1,"minecraft:torch":45,"minecraft:mossy_cobblestone":1,"minecraft:dirt":4,"minecraft:crafting_table":1,"minecraft:iron_pickaxe":219,"minecraft:gravel":49,"minecraft:cobblestone":88,"minecraft:oak_sapling":2,"minecraft:andesite":4,"minecraft:cooked_beef":6},"minecraft:crafted":{"minecraft:cooked_beef":4,"minecraft:oak_planks":32,"minecraft:crafting_table":1,"minecraft:wooden_pickaxe":1,"minecraft:iron_sword":1,"minecraft:copper_ingot":60,"minecraft:air":0,"minecraft:iron_chestplate":1,"minecraft:stick":28,"minecraft:stone_pickaxe":4,"minecraft:iron_ingot":20,"minecraft:iron_pickaxe":1,"minecraft:stone_sword":1,"minecraft:chest":1,"minecraft:iron_leggings":1,"minecraft:torch":32},"minecraft:mined":{"create:zinc_ore":31,"minecraft:deepslate_redstone_ore":2,"minecraft:mossy_cobblestone":4,"projectvibrantjourneys:rocks":1,"psg:sulphur_ore":11,"minecraft:torch":11,"minecraft:copper_ore":52,"minecraft:cobblestone":18,"minecraft:lapis_ore":6,"minecraft:wall_torch":7,"supplementaries:urn":3,"minecraft:redstone_ore":1,"minecraft:iron_ore":70,"minecraft:andesite":41,"minecraft:oak_log":12,"minecraft:coal_ore":85,"minecraft:deepslate_iron_ore":4,"minecraft:vine":6,"minecraft:gravel":58,"minecraft:dirt":16,"minecraft:stone":375,"minecraft:oak_leaves":2},"minecraft:broken":{"minecraft:stone_pickaxe":4},"minecraft:custom":{"minecraft:interact_with_furnace":8,"minecraft:interact_with_crafting_table":13,"goblintraders:trade_with_goblin":33,"minecraft:leave_game":2,"minecraft:time_since_death":68823,"minecraft:climb_one_cm":222,"minecraft:time_since_rest":68823,"minecraft:sprint_one_cm":85768,"minecraft:damage_taken":328,"minecraft:walk_one_cm":122722,"minecraft:drop":2,"minecraft:damage_dealt":221,"minecraft:fly_one_cm":53542,"minecraft:open_chest":16,"minecraft:crouch_one_cm":3976,"minecraft:play_time":68823,"minecraft:sneak_time":3117,"minecraft:jump":698,"minecraft:total_world_time":68823,"minecraft:fall_one_cm":6727},"minecraft:picked_up":{"minecraft:cooked_beef":7,"minecraft:andesite":41,"minecraft:flint":2,"create:raw_zinc":31,"minecraft:oak_log":12,"minecraft:lapis_lazuli":36,"minecraft:dirt":16,"minecraft:raw_copper":184,"minecraft:apple":1,"minecraft:iron_boots":1,"minecraft:stick":3,"minecraft:raw_iron":74,"psg:raw_potassium":14,"minecraft:torch":25,"minecraft:gravel":99,"psg:sulphur":52,"minecraft:redstone":13,"minecraft:mossy_cobblestone":3,"projectvibrantjourneys:orange_bark_mushroom":1,"minecraft:oak_sapling":2,"minecraft:coal":85,"minecraft:skeleton_skull":1,"minecraft:cobblestone":378}},"DataVersion":3465}