{"stats":{"minecraft:broken":{"minecraft:iron_boots":1,"minecraft:stone_pickaxe":4,"minecraft:iron_helmet":1},"minecraft:crafted":{"minecraft:smooth_stone":3,"minecraft:oak_planks":196,"minecraft:stone":3,"minecraft:diamond_shovel":2,"minecraft:cooked_mutton":2,"create:vertical_gearbox":1,"minecraft:iron_boots":1,"minecraft:raw_copper":144,"create:cart_assembler":1,"create:mechanical_press":1,"minecraft:chest":5,"minecraft:copper_block":13,"create:cogwheel":25,"minecraft:raw_iron_block":13,"minecraft:oak_slab":30,"minecraft:cooked_porkchop":11,"minecraft:diamond_axe":1,"minecraft:crafting_table":2,"tacz:ammo_box":7,"minecraft:wooden_pickaxe":1,"minecraft:iron_helmet":1,"minecraft:raw_gold_block":3,"supplementaries:cage":9,"minecraft:copper_ingot":369,"minecraft:gold_block":15,"create:mechanical_mixer":1,"create:gearbox":1,"create:encased_fan":1,"minecraft:iron_chestplate":2,"minecraft:diamond_pickaxe":1,"create:super_glue":1,"minecraft:stick":64,"minecraft:iron_ingot":296,"minecraft:iron_pickaxe":3,"minecraft:iron_block":15,"minecraft:stone_sword":1,"minecraft:gold_ingot":105,"create:large_cogwheel":8,"create:propeller":1,"create:empty_blaze_burner":4,"minecraft:raw_iron":72,"create:wrench":1,"minecraft:iron_nugget":81,"create:white_sail":16,"psg:sulphur_sack":10,"minecraft:blast_furnace":1,"minecraft:bone_meal":12,"minecraft:raw_copper_block":29,"minecraft:oak_trapdoor":2,"minecraft:slime_ball":2,"create:millstone":1,"minecraft:stone_pickaxe":4,"minecraft:redstone_block":18,"create:basin":1,"create:windmill_bearing":2,"minecraft:wheat":72,"minecraft:cooked_beef":40,"minecraft:coal_block":11,"create:andesite_alloy":40,"create:hand_crank":1,"minecraft:diamond_sword":1,"minecraft:iron_sword":1,"better_mob_food:cooked_flesh":6,"tacz:gun_smith_table":1,"minecraft:bucket":1,"minecraft:air":0,"create:raw_zinc_block":14,"create:whisk":1,"minecraft:raw_gold":9,"create:raw_zinc":36,"minecraft:iron_leggings":2,"create:shaft":32,"minecraft:torch":96,"create:zinc_ingot":20},"minecraft:mined":{"minecraft:large_amethyst_bud":5,"create:deepslate_zinc_ore":75,"create:andesite_casing":14,"minecraft:obsidian":9,"minecraft:grass_block":12,"minecraft:soul_soil":11,"minecraft:magma_block":55,"minecraft:glowstone":13,"minecraft:iron_ore":103,"minecraft:cobbled_deepslate":2,"minecraft:fire":30,"minecraft:deepslate_lapis_ore":3,"minecraft:azure_bluet":2,"minecraft:red_tulip":16,"minecraft:cave_vines":6,"minecraft:iron_bars":18,"minecraft:green_bed":1,"minecraft:deepslate_redstone_ore":32,"create:cogwheel":4,"minecraft:crimson_nylium":6,"minecraft:torch":62,"minecraft:poppy":2,"minecraft:nether_quartz_ore":18,"minecraft:cobblestone":45,"minecraft:oak_planks":40,"minecraft:wall_torch":13,"create:mechanical_mixer":1,"projectvibrantjourneys:bones":1,"minecraft:orange_tulip":16,"minecraft:grass":14,"minecraft:oak_log":62,"projectvibrantjourneys:short_grass":6,"create:hand_crank":4,"minecraft:dirt":44,"minecraft:smooth_basalt":26,"minecraft:netherrack":563,"minecraft:oak_leaves":9,"minecraft:deepslate":18,"psg:nether_sulphur_ore":1,"create:zinc_ore":54,"minecraft:diamond_ore":3,"minecraft:mossy_cobblestone":6,"minecraft:deepslate_diamond_ore":12,"projectvibrantjourneys:rocks":4,"psg:sulphur_ore":11,"minecraft:allium":5,"create:large_cogwheel":1,"minecraft:large_fern":4,"minecraft:redstone_ore":1,"create:shaft":2,"minecraft:furnace":3,"create:white_sail":32,"minecraft:andesite":158,"minecraft:deepslate_iron_ore":32,"minecraft:vine":6,"minecraft:stone":420,"minecraft:white_tulip":5,"psg:potassium_ore":6,"minecraft:basalt":18,"minecraft:dandelion":7,"psg:deepslate_sulphur_ore":6,"minecraft:crafting_table":2,"minecraft:cornflower":1,"minecraft:rose_bush":13,"minecraft:sculk_sensor":1,"minecraft:tall_grass":22,"minecraft:copper_ore":76,"minecraft:deepslate_coal_ore":1,"minecraft:lapis_ore":6,"minecraft:deepslate_gold_ore":18,"supplementaries:cage":5,"minecraft:air":1,"supplementaries:urn":15,"minecraft:coal_ore":85,"minecraft:gravel":179,"minecraft:cobweb":23,"minecraft:gold_ore":8},"minecraft:custom":{"minecraft:interact_with_crafting_table":88,"minecraft:open_barrel":58,"goblintraders:trade_with_goblin":154,"minecraft:leave_game":11,"minecraft:time_since_death":293649,"minecraft:sprint_one_cm":879108,"minecraft:drop":195,"minecraft:talked_to_villager":1,"minecraft:play_time":562293,"minecraft:deaths":1,"minecraft:jump":6127,"minecraft:walk_on_water_one_cm":49775,"minecraft:interact_with_furnace":72,"minecraft:sleep_in_bed":7,"minecraft:damage_dealt":10225,"minecraft:crouch_one_cm":41393,"minecraft:mob_kills":95,"minecraft:damage_dealt_resisted":2647,"minecraft:climb_one_cm":1403,"minecraft:walk_one_cm":919389,"minecraft:damage_dealt_absorbed":241,"minecraft:sneak_time":19852,"minecraft:walk_under_water_one_cm":10866,"minecraft:interact_with_blast_furnace":35,"minecraft:total_world_time":562293,"minecraft:time_since_rest":220649,"minecraft:damage_taken":7718,"minecraft:swim_one_cm":51195,"minecraft:fly_one_cm":936069,"minecraft:open_chest":274,"minecraft:fall_one_cm":215039},"minecraft:killed":{"minecraft:zombified_piglin":5,"minecraft:spider":2,"minecraft:skeleton":6,"minecraft:silverfish":1,"artifacts:mimic":3,"minecraft:piglin":3,"minecraft:pig":12,"minecraft:iron_golem":1,"mutantmonsters:mutant_skeleton":1,"minecraft:creeper":4,"alexsmobs:crimson_mosquito":2,"minecraft:sheep":4,"minecraft:trader_llama":1,"minecraft:zombie":13,"minecraft:ghast":2,"minecraft:cow":9,"minecraft:phantom":6,"minecraft:drowned":1,"alexsmobs:bison":4,"minecraft:wither_skeleton":1},"minecraft:picked_up":{"minecraft:diamond_sword":1,"minecraft:string":27,"minecraft:soul_soil":11,"minecraft:raw_copper":268,"minecraft:iron_leggings":1,"minecraft:cobbled_deepslate":19,"minecraft:white_tulip":5,"minecraft:rose_bush":26,"minecraft:iron_pickaxe":3,"alexsmobs:raccoon_tail":1,"minecraft:iron_boots":1,"minecraft:furnace":3,"minecraft:stick":24,"create:mechanical_mixer":1,"create:dough":16,"minecraft:torch":127,"minecraft:green_bed":1,"create:andesite_casing":14,"minecraft:porkchop":21,"psg:sulphur":103,"tacz:attachment":17,"create:large_cogwheel":2,"minecraft:rotten_flesh":10,"minecraft:red_tulip":16,"supplementaries:ash":31,"minecraft:obsidian":9,"minecraft:iron_bars":22,"minecraft:cobblestone":449,"minecraft:furnace_minecart":1,"minecraft:magma_block":50,"minecraft:cooked_beef":15,"minecraft:water_bucket":1,"minecraft:andesite":192,"projectvibrantjourneys:fallen_leaves":2,"alexsmobs:bison_fur":1,"minecraft:flint":18,"create:raw_zinc":130,"supplementaries:flax_seeds":2,"minecraft:lapis_lazuli":55,"minecraft:dirt":94,"minecraft:bone":8,"minecraft:orange_tulip":16,"minecraft:wheat_seeds":15,"create:mechanical_drill":6,"minecraft:raw_gold":33,"create:shaft":8,"minecraft:glowstone_dust":30,"minecraft:oak_planks":41,"psg:raw_potassium":26,"create:cogwheel":4,"sophisticatedbackpacks:iron_backpack":1,"minecraft:mossy_cobblestone":8,"artifacts:golden_hook":1,"minecraft:diamond":23,"artifacts:crystal_heart":2,"minecraft:bread":84,"minecraft:oak_sapling":15,"minecraft:netherrack":553,"minecraft:diamond_pickaxe":3,"create:white_sail":32,"minecraft:crafting_table":2,"minecraft:allium":5,"minecraft:azure_bluet":11,"minecraft:brown_mushroom":1,"minecraft:cornflower":25,"minecraft:flint_and_steel":2,"artifacts:feral_claws":2,"tacz:ammo":2280,"minecraft:beef":44,"minecraft:poppy":3,"supplementaries:cage":5,"minecraft:raw_iron":142,"create:golden_sheet":3,"projectvibrantjourneys:bark_mushroom":2,"sophisticatedbackpacks:backpack":2,"minecraft:fire_charge":2,"pointblank:gunmetal_nugget":31,"create:hand_crank":4,"minecraft:redstone":163,"minecraft:arrow":1,"minecraft:glistering_melon_slice":4,"minecraft:gold_ingot":18,"minecraft:glow_berries":1,"minecraft:mutton":8,"minecraft:rail":31,"minecraft:skeleton_skull":1,"minecraft:white_wool":4,"minecraft:oxeye_daisy":16,"create:iron_sheet":26,"minecraft:basalt":18,"minecraft:leather":8,"minecraft:crimson_fungus":1,"minecraft:oak_log":103,"create:andesite_alloy":24,"minecraft:gunpowder":7,"minecraft:apple":2,"minecraft:iron_ingot":19,"projectvibrantjourneys:light_brown_bark_mushroom":2,"minecraft:smooth_basalt":25,"minecraft:dandelion":29,"minecraft:quartz":33,"minecraft:gravel":296,"create:wheat_flour":57,"minecraft:diamond_shovel":2,"minecraft:slime_ball":2,"tacz:modern_kinetic_gun":4,"minecraft:iron_helmet":2,"minecraft:diamond_axe":1,"projectvibrantjourneys:orange_bark_mushroom":1,"minecraft:coal":148,"minecraft:ender_pearl":2},"minecraft:used":{"minecraft:poppy":1,"minecraft:chest":5,"minecraft:iron_sword":131,"minecraft:iron_chestplate":1,"create:white_sail":48,"create:cogwheel":16,"minecraft:furnace_minecart":1,"minecraft:azure_bluet":1,"minecraft:obsidian":9,"minecraft:iron_helmet":1,"create:millstone":1,"create:shaft":2,"minecraft:oak_sapling":15,"minecraft:furnace":2,"minecraft:oak_planks":40,"minecraft:stone_pickaxe":514,"minecraft:wooden_pickaxe":12,"minecraft:diamond_axe":267,"minecraft:large_amethyst_bud":5,"minecraft:glow_berries":92,"minecraft:blast_furnace":1,"minecraft:bread":13,"minecraft:diamond_ore":1,"create:andesite_casing":1,"minecraft:gravel":102,"minecraft:fire_charge":1,"minecraft:diamond_sword":26,"create:basin":1,"minecraft:andesite":4,"create:vertical_gearbox":1,"minecraft:bone_meal":12,"create:large_cogwheel":20,"minecraft:oak_trapdoor":2,"tacz:gun_smith_table":1,"minecraft:netherrack":97,"minecraft:torch":146,"minecraft:dirt":50,"create:mechanical_mixer":2,"projectvibrantjourneys:fallen_leaves":1,"create:wrench":2,"minecraft:iron_boots":1,"create:cart_assembler":2,"minecraft:soul_soil":2,"minecraft:cooked_beef":70,"minecraft:cobbled_deepslate":15,"minecraft:cooked_mutton":2,"minecraft:water_bucket":11,"minecraft:green_bed":1,"create:blaze_burner":1,"minecraft:mossy_cobblestone":1,"create:encased_fan":1,"minecraft:crafting_table":4,"minecraft:oak_log":17,"minecraft:diamond_pickaxe":1124,"supplementaries:cage":20,"minecraft:diamond_shovel":140,"create:mechanical_press":1,"create:windmill_bearing":2,"minecraft:iron_pickaxe":329,"minecraft:cobblestone":110,"minecraft:cooked_porkchop":7,"minecraft:bucket":12,"create:hand_crank":5},"minecraft:dropped":{"sophisticatedbackpacks:iron_backpack":1,"minecraft:brown_mushroom":1,"minecraft:cooked_beef":9,"minecraft:oak_log":7,"minecraft:orange_tulip":16,"minecraft:glow_berries":1,"minecraft:leather":8,"projectvibrantjourneys:orange_bark_mushroom":1,"alexsmobs:bison_fur":1,"minecraft:dirt":3,"minecraft:cornflower":25,"projectvibrantjourneys:fallen_leaves":1,"minecraft:iron_pickaxe":2,"alexsmobs:raccoon_tail":1,"projectvibrantjourneys:bark_mushroom":2,"minecraft:gold_ingot":15,"minecraft:white_tulip":5,"minecraft:crimson_fungus":1,"minecraft:cobbled_deepslate":3,"minecraft:wheat":138,"minecraft:rotten_flesh":2,"minecraft:oak_planks":1,"psg:raw_potassium":12,"minecraft:azure_bluet":5,"minecraft:poppy":2,"supplementaries:flax_seeds":2,"projectvibrantjourneys:light_brown_bark_mushroom":2,"minecraft:gunpowder":1,"minecraft:skeleton_skull":1,"create:wheat_flour":73,"minecraft:iron_bars":14,"minecraft:quartz":7,"minecraft:netherrack":52,"tacz:attachment":13,"minecraft:iron_ingot":15,"minecraft:bread":10,"minecraft:wheat_seeds":17,"minecraft:mossy_cobblestone":5,"minecraft:copper_ingot":20,"minecraft:stick":1,"minecraft:oxeye_daisy":16,"create:andesite_casing":6,"tacz:ammo_box":3,"minecraft:rose_bush":26,"tacz:modern_kinetic_gun":3,"minecraft:string":25,"minecraft:dandelion":19,"minecraft:stone_sword":1,"minecraft:iron_boots":1,"artifacts:golden_hook":1,"pointblank:gunmetal_nugget":31,"supplementaries:cage":4,"minecraft:allium":10,"create:zinc_ingot":20,"minecraft:diamond_pickaxe":1,"minecraft:iron_chestplate":1,"minecraft:slime_ball":1,"minecraft:wooden_pickaxe":1,"minecraft:red_tulip":16,"minecraft:magma_block":50,"create:empty_blaze_burner":2}},"DataVersion":3465}