{"stats":{"minecraft:broken":{"minecraft:iron_boots":1,"minecraft:stone_pickaxe":4,"minecraft:iron_helmet":1},"minecraft:crafted":{"minecraft:smooth_stone":3,"minecraft:oak_planks":184,"minecraft:stone":3,"minecraft:diamond_shovel":2,"minecraft:cooked_mutton":2,"minecraft:iron_boots":1,"minecraft:raw_copper":90,"create:cart_assembler":1,"create:mechanical_press":1,"minecraft:chest":5,"minecraft:copper_block":13,"create:cogwheel":10,"minecraft:raw_iron_block":13,"minecraft:oak_slab":30,"minecraft:cooked_porkchop":5,"minecraft:diamond_axe":1,"minecraft:crafting_table":2,"tacz:ammo_box":7,"minecraft:wooden_pickaxe":1,"minecraft:iron_helmet":1,"minecraft:raw_gold_block":3,"supplementaries:cage":9,"minecraft:copper_ingot":309,"minecraft:gold_block":15,"create:mechanical_mixer":1,"create:encased_fan":1,"minecraft:iron_chestplate":2,"minecraft:diamond_pickaxe":1,"create:super_glue":1,"minecraft:stick":64,"minecraft:iron_ingot":296,"minecraft:iron_pickaxe":3,"minecraft:iron_block":15,"minecraft:stone_sword":1,"minecraft:gold_ingot":102,"create:large_cogwheel":3,"create:propeller":1,"minecraft:raw_iron":72,"minecraft:iron_nugget":81,"create:white_sail":16,"psg:sulphur_sack":10,"minecraft:blast_furnace":1,"minecraft:bone_meal":12,"minecraft:raw_copper_block":29,"minecraft:oak_trapdoor":2,"minecraft:slime_ball":2,"create:millstone":1,"minecraft:stone_pickaxe":4,"minecraft:redstone_block":18,"create:basin":1,"create:windmill_bearing":1,"minecraft:wheat":72,"minecraft:cooked_beef":40,"create:andesite_alloy":40,"create:hand_crank":1,"minecraft:diamond_sword":1,"minecraft:iron_sword":1,"better_mob_food:cooked_flesh":6,"tacz:gun_smith_table":1,"minecraft:bucket":1,"minecraft:air":0,"create:raw_zinc_block":14,"create:whisk":1,"minecraft:raw_gold":9,"minecraft:iron_leggings":2,"create:shaft":24,"minecraft:torch":96},"minecraft:mined":{"minecraft:large_amethyst_bud":5,"create:deepslate_zinc_ore":75,"create:andesite_casing":14,"minecraft:obsidian":9,"minecraft:grass_block":12,"minecraft:soul_soil":11,"minecraft:magma_block":55,"minecraft:glowstone":13,"minecraft:iron_ore":103,"minecraft:cobbled_deepslate":2,"minecraft:fire":6,"minecraft:deepslate_lapis_ore":3,"minecraft:azure_bluet":2,"minecraft:red_tulip":16,"minecraft:cave_vines":6,"minecraft:iron_bars":18,"minecraft:green_bed":1,"minecraft:deepslate_redstone_ore":32,"create:cogwheel":1,"minecraft:crimson_nylium":6,"minecraft:torch":47,"minecraft:poppy":2,"minecraft:nether_quartz_ore":11,"minecraft:cobblestone":45,"minecraft:oak_planks":38,"minecraft:wall_torch":11,"create:mechanical_mixer":1,"projectvibrantjourneys:bones":1,"minecraft:orange_tulip":16,"minecraft:grass":14,"minecraft:oak_log":62,"projectvibrantjourneys:short_grass":6,"create:hand_crank":4,"minecraft:dirt":40,"minecraft:netherrack":126,"minecraft:oak_leaves":9,"minecraft:deepslate":18,"psg:nether_sulphur_ore":1,"create:zinc_ore":54,"minecraft:diamond_ore":3,"minecraft:mossy_cobblestone":6,"minecraft:deepslate_diamond_ore":12,"projectvibrantjourneys:rocks":4,"psg:sulphur_ore":11,"minecraft:allium":5,"create:large_cogwheel":1,"minecraft:large_fern":4,"minecraft:redstone_ore":1,"minecraft:furnace":3,"create:white_sail":14,"minecraft:andesite":158,"minecraft:deepslate_iron_ore":32,"minecraft:vine":6,"minecraft:stone":420,"minecraft:white_tulip":5,"psg:potassium_ore":6,"minecraft:dandelion":7,"psg:deepslate_sulphur_ore":6,"minecraft:crafting_table":2,"minecraft:cornflower":1,"minecraft:rose_bush":13,"minecraft:sculk_sensor":1,"minecraft:tall_grass":22,"minecraft:copper_ore":76,"minecraft:deepslate_coal_ore":1,"minecraft:lapis_ore":6,"minecraft:deepslate_gold_ore":18,"supplementaries:cage":2,"minecraft:air":1,"supplementaries:urn":15,"minecraft:coal_ore":85,"minecraft:gravel":152,"minecraft:cobweb":23,"minecraft:gold_ore":8},"minecraft:custom":{"minecraft:interact_with_crafting_table":82,"minecraft:open_barrel":58,"goblintraders:trade_with_goblin":123,"minecraft:leave_game":8,"minecraft:time_since_death":209125,"minecraft:sprint_one_cm":735135,"minecraft:drop":173,"minecraft:talked_to_villager":1,"minecraft:play_time":477769,"minecraft:deaths":1,"minecraft:jump":5418,"minecraft:walk_on_water_one_cm":49775,"minecraft:interact_with_furnace":66,"minecraft:sleep_in_bed":7,"minecraft:damage_dealt":10225,"minecraft:crouch_one_cm":25398,"minecraft:mob_kills":78,"minecraft:damage_dealt_resisted":1711,"minecraft:climb_one_cm":1403,"minecraft:walk_one_cm":760313,"minecraft:damage_dealt_absorbed":80,"minecraft:sneak_time":13753,"minecraft:walk_under_water_one_cm":10866,"minecraft:interact_with_blast_furnace":29,"minecraft:total_world_time":477769,"minecraft:time_since_rest":136125,"minecraft:damage_taken":6073,"minecraft:swim_one_cm":51195,"minecraft:fly_one_cm":863234,"minecraft:open_chest":235,"minecraft:fall_one_cm":197049},"minecraft:killed":{"minecraft:spider":2,"minecraft:skeleton":4,"minecraft:silverfish":1,"artifacts:mimic":3,"minecraft:piglin":1,"minecraft:pig":12,"minecraft:iron_golem":1,"minecraft:creeper":4,"alexsmobs:crimson_mosquito":2,"minecraft:sheep":4,"minecraft:trader_llama":1,"minecraft:zombie":13,"minecraft:cow":9,"minecraft:phantom":4,"minecraft:drowned":1,"alexsmobs:bison":4},"minecraft:picked_up":{"minecraft:diamond_sword":1,"minecraft:string":27,"minecraft:soul_soil":11,"minecraft:raw_copper":268,"minecraft:iron_leggings":1,"minecraft:cobbled_deepslate":19,"minecraft:white_tulip":5,"minecraft:rose_bush":26,"minecraft:iron_pickaxe":3,"minecraft:iron_boots":1,"minecraft:furnace":3,"minecraft:stick":24,"create:mechanical_mixer":1,"create:dough":16,"minecraft:torch":108,"minecraft:green_bed":1,"create:andesite_casing":14,"minecraft:porkchop":21,"psg:sulphur":103,"tacz:attachment":17,"create:large_cogwheel":1,"minecraft:rotten_flesh":9,"minecraft:red_tulip":16,"supplementaries:ash":31,"minecraft:obsidian":9,"minecraft:iron_bars":22,"minecraft:cobblestone":449,"minecraft:magma_block":50,"minecraft:cooked_beef":15,"minecraft:water_bucket":1,"minecraft:andesite":191,"projectvibrantjourneys:fallen_leaves":2,"alexsmobs:bison_fur":1,"minecraft:flint":15,"create:raw_zinc":130,"supplementaries:flax_seeds":2,"minecraft:lapis_lazuli":55,"minecraft:dirt":94,"minecraft:bone":8,"minecraft:orange_tulip":16,"minecraft:wheat_seeds":15,"create:mechanical_drill":6,"minecraft:raw_gold":31,"create:shaft":6,"minecraft:glowstone_dust":30,"minecraft:oak_planks":39,"psg:raw_potassium":26,"create:cogwheel":1,"minecraft:mossy_cobblestone":8,"artifacts:golden_hook":1,"minecraft:diamond":23,"artifacts:crystal_heart":2,"minecraft:bread":84,"minecraft:oak_sapling":15,"minecraft:netherrack":127,"minecraft:diamond_pickaxe":2,"create:white_sail":14,"minecraft:crafting_table":2,"minecraft:allium":5,"minecraft:azure_bluet":11,"minecraft:brown_mushroom":1,"minecraft:cornflower":25,"minecraft:flint_and_steel":2,"artifacts:feral_claws":2,"tacz:ammo":2280,"minecraft:beef":44,"minecraft:poppy":3,"supplementaries:cage":2,"minecraft:raw_iron":142,"projectvibrantjourneys:bark_mushroom":2,"sophisticatedbackpacks:backpack":2,"minecraft:fire_charge":2,"pointblank:gunmetal_nugget":31,"create:hand_crank":4,"minecraft:redstone":163,"minecraft:arrow":1,"minecraft:glistering_melon_slice":4,"minecraft:gold_ingot":6,"minecraft:glow_berries":1,"minecraft:mutton":8,"minecraft:skeleton_skull":1,"minecraft:white_wool":4,"minecraft:oxeye_daisy":16,"create:iron_sheet":10,"minecraft:leather":8,"minecraft:crimson_fungus":1,"minecraft:oak_log":103,"create:andesite_alloy":24,"minecraft:gunpowder":7,"minecraft:apple":2,"minecraft:iron_ingot":19,"projectvibrantjourneys:light_brown_bark_mushroom":2,"minecraft:dandelion":29,"minecraft:quartz":26,"minecraft:gravel":248,"create:wheat_flour":57,"minecraft:diamond_shovel":2,"minecraft:slime_ball":2,"tacz:modern_kinetic_gun":4,"minecraft:iron_helmet":2,"minecraft:diamond_axe":1,"projectvibrantjourneys:orange_bark_mushroom":1,"minecraft:coal":148,"minecraft:ender_pearl":2},"minecraft:used":{"minecraft:poppy":1,"minecraft:chest":5,"minecraft:iron_sword":131,"minecraft:iron_chestplate":1,"create:white_sail":30,"create:cogwheel":7,"minecraft:azure_bluet":1,"minecraft:obsidian":9,"minecraft:iron_helmet":1,"create:millstone":1,"create:shaft":1,"minecraft:furnace":2,"minecraft:oak_sapling":15,"minecraft:stone_pickaxe":514,"minecraft:oak_planks":39,"minecraft:wooden_pickaxe":12,"minecraft:diamond_axe":247,"minecraft:large_amethyst_bud":5,"minecraft:glow_berries":92,"minecraft:blast_furnace":1,"minecraft:bread":4,"minecraft:diamond_ore":1,"create:andesite_casing":1,"minecraft:gravel":101,"minecraft:fire_charge":1,"minecraft:diamond_sword":19,"create:basin":1,"minecraft:andesite":4,"minecraft:bone_meal":12,"create:large_cogwheel":8,"minecraft:oak_trapdoor":2,"tacz:gun_smith_table":1,"minecraft:netherrack":11,"minecraft:torch":127,"minecraft:dirt":50,"create:mechanical_mixer":2,"projectvibrantjourneys:fallen_leaves":1,"minecraft:iron_boots":1,"minecraft:soul_soil":2,"minecraft:cooked_beef":61,"minecraft:cobbled_deepslate":15,"minecraft:cooked_mutton":2,"minecraft:water_bucket":11,"minecraft:green_bed":1,"minecraft:mossy_cobblestone":1,"create:encased_fan":1,"minecraft:crafting_table":4,"minecraft:oak_log":17,"minecraft:diamond_pickaxe":629,"supplementaries:cage":10,"minecraft:diamond_shovel":140,"create:mechanical_press":1,"create:windmill_bearing":1,"minecraft:iron_pickaxe":329,"minecraft:cobblestone":110,"minecraft:bucket":12,"create:hand_crank":5},"minecraft:dropped":{"minecraft:brown_mushroom":1,"minecraft:cooked_beef":9,"minecraft:oak_log":7,"minecraft:orange_tulip":16,"minecraft:glow_berries":1,"minecraft:leather":8,"projectvibrantjourneys:orange_bark_mushroom":1,"alexsmobs:bison_fur":1,"minecraft:dirt":3,"minecraft:cornflower":25,"projectvibrantjourneys:fallen_leaves":1,"minecraft:iron_pickaxe":2,"projectvibrantjourneys:bark_mushroom":2,"minecraft:white_tulip":5,"minecraft:crimson_fungus":1,"minecraft:cobbled_deepslate":3,"minecraft:wheat":138,"minecraft:rotten_flesh":2,"minecraft:oak_planks":1,"psg:raw_potassium":12,"minecraft:azure_bluet":5,"minecraft:poppy":2,"supplementaries:flax_seeds":2,"projectvibrantjourneys:light_brown_bark_mushroom":2,"minecraft:gunpowder":1,"minecraft:skeleton_skull":1,"create:wheat_flour":73,"minecraft:iron_bars":14,"minecraft:netherrack":52,"tacz:attachment":13,"minecraft:iron_ingot":15,"minecraft:bread":10,"minecraft:wheat_seeds":17,"minecraft:mossy_cobblestone":5,"minecraft:stick":1,"minecraft:oxeye_daisy":16,"create:andesite_casing":6,"tacz:ammo_box":3,"minecraft:rose_bush":26,"tacz:modern_kinetic_gun":3,"minecraft:string":25,"minecraft:dandelion":19,"minecraft:stone_sword":1,"minecraft:iron_boots":1,"artifacts:golden_hook":1,"pointblank:gunmetal_nugget":31,"supplementaries:cage":4,"minecraft:allium":10,"minecraft:iron_chestplate":1,"minecraft:diamond_pickaxe":1,"minecraft:slime_ball":1,"minecraft:wooden_pickaxe":1,"minecraft:red_tulip":16,"minecraft:magma_block":50}},"DataVersion":3465}