{"stats":{"minecraft:dropped":{"minecraft:stone_sword":1,"minecraft:mossy_cobblestone":5,"minecraft:glow_berries":1,"projectvibrantjourneys:orange_bark_mushroom":1,"minecraft:skeleton_skull":1,"minecraft:wooden_pickaxe":1},"minecraft:used":{"minecraft:stone_pickaxe":514,"minecraft:chest":2,"minecraft:wooden_pickaxe":12,"minecraft:iron_sword":16,"minecraft:green_bed":1,"minecraft:iron_chestplate":1,"minecraft:torch":49,"minecraft:mossy_cobblestone":1,"minecraft:dirt":4,"minecraft:crafting_table":1,"minecraft:diamond_pickaxe":162,"supplementaries:cage":2,"minecraft:iron_pickaxe":221,"minecraft:iron_helmet":1,"minecraft:gravel":49,"minecraft:cobblestone":92,"minecraft:oak_sapling":2,"minecraft:andesite":4,"minecraft:cooked_beef":7},"minecraft:crafted":{"minecraft:cooked_beef":4,"minecraft:oak_slab":6,"minecraft:oak_planks":40,"minecraft:raw_iron":9,"minecraft:crafting_table":1,"minecraft:iron_helmet":1,"minecraft:wooden_pickaxe":1,"minecraft:iron_sword":1,"supplementaries:cage":2,"minecraft:copper_ingot":120,"minecraft:air":0,"minecraft:iron_chestplate":1,"minecraft:raw_copper":18,"minecraft:stick":28,"minecraft:stone_pickaxe":4,"minecraft:iron_ingot":80,"minecraft:iron_pickaxe":2,"minecraft:stone_sword":1,"minecraft:chest":2,"minecraft:gold_ingot":33,"minecraft:iron_leggings":1,"minecraft:torch":64},"minecraft:mined":{"create:zinc_ore":31,"minecraft:deepslate_redstone_ore":2,"minecraft:mossy_cobblestone":6,"psg:potassium_ore":6,"projectvibrantjourneys:rocks":1,"psg:sulphur_ore":11,"minecraft:torch":16,"minecraft:copper_ore":52,"minecraft:cobblestone":38,"minecraft:lapis_ore":6,"minecraft:wall_torch":7,"minecraft:air":1,"supplementaries:urn":3,"minecraft:redstone_ore":1,"minecraft:iron_ore":80,"minecraft:andesite":105,"minecraft:oak_log":12,"minecraft:coal_ore":85,"minecraft:deepslate_iron_ore":4,"minecraft:vine":6,"minecraft:iron_bars":18,"minecraft:gravel":58,"minecraft:dirt":16,"minecraft:cobweb":9,"minecraft:stone":419,"minecraft:oak_leaves":2,"minecraft:green_bed":1},"minecraft:broken":{"minecraft:stone_pickaxe":4},"minecraft:custom":{"minecraft:interact_with_furnace":8,"minecraft:mob_kills":1,"minecraft:interact_with_crafting_table":20,"minecraft:open_barrel":31,"goblintraders:trade_with_goblin":104,"minecraft:leave_game":2,"minecraft:time_since_death":92823,"minecraft:climb_one_cm":222,"minecraft:time_since_rest":92823,"minecraft:sprint_one_cm":115797,"minecraft:damage_taken":400,"minecraft:walk_one_cm":179415,"minecraft:drop":10,"minecraft:damage_dealt":436,"minecraft:fly_one_cm":57572,"minecraft:open_chest":21,"minecraft:crouch_one_cm":4534,"minecraft:play_time":92823,"minecraft:sneak_time":3872,"minecraft:jump":817,"minecraft:total_world_time":92823,"minecraft:fall_one_cm":7563},"minecraft:killed":{"minecraft:zombie":1},"minecraft:picked_up":{"minecraft:cooked_beef":7,"minecraft:andesite":105,"minecraft:flint":2,"create:raw_zinc":31,"minecraft:oak_log":12,"minecraft:lapis_lazuli":36,"minecraft:string":9,"minecraft:dirt":16,"minecraft:raw_copper":184,"minecraft:apple":1,"minecraft:iron_boots":1,"minecraft:stick":3,"minecraft:raw_iron":84,"psg:raw_potassium":26,"minecraft:torch":29,"minecraft:green_bed":1,"minecraft:gravel":99,"psg:sulphur":52,"minecraft:redstone":13,"minecraft:mossy_cobblestone":8,"minecraft:slime_ball":1,"projectvibrantjourneys:orange_bark_mushroom":1,"minecraft:oak_sapling":2,"minecraft:glow_berries":1,"minecraft:iron_bars":18,"minecraft:coal":85,"minecraft:skeleton_skull":1,"minecraft:cobblestone":442}},"DataVersion":3465}