{"stats":{"minecraft:used":{"minecraft:chest":2,"minecraft:iron_sword":131,"minecraft:iron_chestplate":1,"minecraft:torch":97,"minecraft:dirt":4,"minecraft:iron_helmet":1,"minecraft:oak_sapling":2,"minecraft:cooked_beef":11,"minecraft:cobbled_deepslate":15,"minecraft:water_bucket":4,"minecraft:stone_pickaxe":514,"minecraft:wooden_pickaxe":12,"minecraft:diamond_axe":1,"minecraft:green_bed":1,"minecraft:large_amethyst_bud":5,"minecraft:glow_berries":80,"minecraft:mossy_cobblestone":1,"minecraft:crafting_table":3,"minecraft:diamond_pickaxe":418,"supplementaries:cage":7,"minecraft:iron_pickaxe":318,"minecraft:diamond_ore":1,"minecraft:gravel":49,"minecraft:cobblestone":101,"minecraft:andesite":4,"minecraft:bucket":5},"minecraft:dropped":{"minecraft:mossy_cobblestone":5,"minecraft:glow_berries":1,"projectvibrantjourneys:orange_bark_mushroom":1,"minecraft:stick":1,"minecraft:iron_pickaxe":2,"minecraft:stone_sword":1,"minecraft:cobbled_deepslate":2,"minecraft:rotten_flesh":1,"minecraft:oak_planks":1,"psg:raw_potassium":12,"pointblank:gunmetal_nugget":8,"supplementaries:flax_seeds":2,"minecraft:skeleton_skull":1,"minecraft:slime_ball":1,"minecraft:wooden_pickaxe":1},"minecraft:crafted":{"minecraft:oak_planks":48,"minecraft:raw_iron":9,"minecraft:raw_copper_block":28,"minecraft:raw_copper":18,"minecraft:stone_pickaxe":4,"minecraft:chest":2,"minecraft:copper_block":13,"minecraft:raw_iron_block":13,"minecraft:cooked_beef":4,"minecraft:oak_slab":12,"minecraft:diamond_axe":1,"minecraft:crafting_table":2,"minecraft:wooden_pickaxe":1,"minecraft:iron_helmet":1,"minecraft:iron_sword":1,"minecraft:raw_gold_block":3,"supplementaries:cage":4,"minecraft:copper_ingot":120,"minecraft:gold_block":15,"minecraft:bucket":1,"minecraft:air":0,"minecraft:iron_chestplate":1,"minecraft:stick":40,"minecraft:iron_ingot":92,"minecraft:iron_pickaxe":3,"minecraft:stone_sword":1,"minecraft:iron_block":6,"minecraft:iron_leggings":1,"minecraft:gold_ingot":90,"minecraft:torch":96},"minecraft:mined":{"create:zinc_ore":54,"minecraft:large_amethyst_bud":5,"minecraft:diamond_ore":3,"create:deepslate_zinc_ore":75,"minecraft:mossy_cobblestone":6,"minecraft:deepslate_diamond_ore":12,"projectvibrantjourneys:rocks":4,"psg:sulphur_ore":11,"minecraft:redstone_ore":1,"minecraft:iron_ore":103,"minecraft:fire":1,"minecraft:cobbled_deepslate":1,"minecraft:andesite":158,"minecraft:deepslate_lapis_ore":3,"minecraft:vine":6,"minecraft:cave_vines":6,"minecraft:deepslate_iron_ore":32,"minecraft:iron_bars":18,"minecraft:stone":420,"minecraft:green_bed":1,"minecraft:deepslate_redstone_ore":32,"psg:potassium_ore":6,"psg:deepslate_sulphur_ore":6,"minecraft:crafting_table":2,"minecraft:torch":21,"minecraft:sculk_sensor":1,"minecraft:copper_ore":76,"minecraft:cobblestone":40,"minecraft:deepslate_coal_ore":1,"minecraft:lapis_ore":6,"minecraft:deepslate_gold_ore":18,"minecraft:oak_planks":6,"minecraft:wall_torch":7,"supplementaries:cage":2,"minecraft:air":1,"supplementaries:urn":15,"minecraft:coal_ore":85,"minecraft:oak_log":12,"minecraft:dirt":16,"minecraft:gravel":58,"minecraft:cobweb":23,"minecraft:gold_ore":8,"minecraft:oak_leaves":2,"minecraft:deepslate":18},"minecraft:broken":{"minecraft:stone_pickaxe":4},"minecraft:custom":{"minecraft:mob_kills":18,"minecraft:interact_with_crafting_table":31,"minecraft:open_barrel":58,"goblintraders:trade_with_goblin":123,"minecraft:damage_dealt_resisted":90,"minecraft:leave_game":2,"minecraft:time_since_death":176823,"minecraft:climb_one_cm":222,"minecraft:sprint_one_cm":264184,"minecraft:walk_one_cm":324872,"minecraft:drop":29,"minecraft:damage_dealt_absorbed":80,"minecraft:play_time":176823,"minecraft:sneak_time":5941,"minecraft:walk_under_water_one_cm":5388,"minecraft:jump":1952,"minecraft:walk_on_water_one_cm":24040,"minecraft:total_world_time":176823,"minecraft:interact_with_furnace":10,"minecraft:sleep_in_bed":1,"minecraft:time_since_rest":26759,"minecraft:damage_taken":1045,"minecraft:damage_dealt":4492,"minecraft:swim_one_cm":1032,"minecraft:fly_one_cm":181469,"minecraft:open_chest":38,"minecraft:crouch_one_cm":8931,"minecraft:fall_one_cm":19037},"minecraft:killed":{"minecraft:phantom":1,"minecraft:skeleton":2,"minecraft:silverfish":1,"artifacts:mimic":3,"minecraft:zombie":9},"minecraft:picked_up":{"minecraft:crafting_table":2,"minecraft:string":23,"minecraft:raw_copper":268,"artifacts:feral_claws":1,"minecraft:cobbled_deepslate":19,"minecraft:iron_pickaxe":2,"supplementaries:cage":2,"minecraft:iron_boots":1,"minecraft:raw_iron":142,"minecraft:stick":3,"minecraft:torch":44,"minecraft:green_bed":1,"pointblank:gunmetal_nugget":8,"psg:sulphur":91,"minecraft:redstone":163,"minecraft:rotten_flesh":7,"supplementaries:ash":31,"minecraft:glow_berries":1,"minecraft:iron_bars":18,"minecraft:skeleton_skull":1,"minecraft:cobblestone":445,"minecraft:cooked_beef":7,"minecraft:andesite":158,"minecraft:flint":2,"minecraft:oak_log":12,"create:raw_zinc":130,"supplementaries:flax_seeds":2,"minecraft:dirt":16,"minecraft:lapis_lazuli":55,"minecraft:bone":7,"minecraft:apple":1,"minecraft:raw_gold":31,"minecraft:oak_planks":6,"psg:raw_potassium":26,"minecraft:gravel":99,"minecraft:mossy_cobblestone":8,"minecraft:slime_ball":2,"minecraft:diamond":23,"artifacts:golden_hook":1,"artifacts:crystal_heart":1,"minecraft:oak_sapling":2,"projectvibrantjourneys:orange_bark_mushroom":1,"minecraft:coal":86,"minecraft:ender_pearl":2}},"DataVersion":3465}