{"stats":{"minecraft:dropped":{"projectvibrantjourneys:orange_bark_mushroom":1},"minecraft:used":{"minecraft:stone_pickaxe":479,"minecraft:chest":1,"minecraft:wooden_pickaxe":12,"minecraft:gravel":7,"minecraft:iron_chestplate":1,"minecraft:torch":9,"minecraft:dirt":4,"minecraft:cobblestone":8,"minecraft:crafting_table":1,"minecraft:oak_sapling":2,"minecraft:andesite":4,"minecraft:cooked_beef":5},"minecraft:crafted":{"minecraft:cooked_beef":4,"minecraft:oak_planks":32,"minecraft:iron_chestplate":1,"minecraft:crafting_table":1,"minecraft:stick":28,"minecraft:iron_ingot":13,"minecraft:wooden_pickaxe":1,"minecraft:iron_pickaxe":1,"minecraft:stone_pickaxe":4,"minecraft:stone_sword":1,"minecraft:iron_sword":1,"minecraft:chest":1,"minecraft:torch":32,"minecraft:air":0},"minecraft:mined":{"minecraft:mossy_cobblestone":1,"minecraft:iron_ore":14,"minecraft:andesite":41,"psg:sulphur_ore":6,"minecraft:coal_ore":66,"minecraft:oak_log":12,"minecraft:gravel":51,"minecraft:dirt":16,"minecraft:copper_ore":43,"minecraft:cobblestone":5,"minecraft:stone":275,"minecraft:oak_leaves":2,"minecraft:wall_torch":3},"minecraft:broken":{"minecraft:stone_pickaxe":3},"minecraft:custom":{"minecraft:time_since_rest":44823,"minecraft:interact_with_furnace":7,"minecraft:sprint_one_cm":52555,"minecraft:damage_taken":315,"minecraft:walk_one_cm":59976,"minecraft:drop":1,"minecraft:damage_dealt":161,"minecraft:interact_with_crafting_table":11,"minecraft:fly_one_cm":40012,"minecraft:open_chest":13,"minecraft:crouch_one_cm":1820,"minecraft:play_time":44823,"minecraft:sneak_time":722,"minecraft:jump":329,"minecraft:leave_game":2,"minecraft:time_since_death":44823,"minecraft:total_world_time":44823,"minecraft:fall_one_cm":5204},"minecraft:picked_up":{"minecraft:stick":3,"minecraft:raw_iron":14,"minecraft:cooked_beef":7,"minecraft:andesite":41,"psg:raw_potassium":14,"minecraft:torch":3,"minecraft:gravel":49,"psg:sulphur":28,"minecraft:flint":2,"minecraft:oak_log":12,"minecraft:dirt":16,"minecraft:raw_copper":151,"minecraft:apple":1,"projectvibrantjourneys:orange_bark_mushroom":1,"minecraft:oak_sapling":2,"minecraft:coal":66,"minecraft:cobblestone":269}},"DataVersion":3465}