{"stats":{"minecraft:broken":{"minecraft:iron_boots":2,"minecraft:stone_pickaxe":4,"minecraft:iron_helmet":2},"minecraft:crafted":{"minecraft:smooth_stone":3,"minecraft:oak_planks":300,"minecraft:stone":3,"minecraft:lever":1,"minecraft:diamond_shovel":2,"create:deployer":2,"minecraft:cooked_mutton":2,"create:vertical_gearbox":1,"minecraft:iron_boots":1,"minecraft:raw_copper":252,"create:cart_assembler":1,"create:mechanical_press":1,"minecraft:chest":15,"minecraft:copper_block":13,"create:cogwheel":25,"create:brass_hand":2,"minecraft:raw_iron_block":13,"minecraft:oak_slab":36,"create:rose_quartz":2,"minecraft:cooked_porkchop":12,"minecraft:diamond_axe":1,"minecraft:crafting_table":2,"tacz:ammo_box":8,"minecraft:wooden_pickaxe":1,"minecraft:iron_helmet":1,"minecraft:raw_gold_block":3,"supplementaries:cage":9,"minecraft:copper_ingot":549,"create:sand_paper":1,"minecraft:gold_block":15,"create:mechanical_mixer":1,"create:gearbox":1,"create:encased_fan":1,"minecraft:iron_chestplate":2,"minecraft:diamond_pickaxe":1,"create:super_glue":1,"minecraft:stick":64,"minecraft:iron_ingot":296,"minecraft:iron_pickaxe":3,"minecraft:iron_block":15,"minecraft:stone_sword":1,"minecraft:gold_ingot":105,"create:large_cogwheel":8,"create:propeller":1,"create:empty_blaze_burner":4,"minecraft:redstone":18,"minecraft:raw_iron":72,"create:wrench":1,"minecraft:iron_nugget":225,"create:white_sail":16,"psg:sulphur_sack":10,"minecraft:blast_furnace":1,"minecraft:bone_meal":12,"minecraft:raw_copper_block":36,"minecraft:oak_trapdoor":2,"minecraft:slime_ball":2,"create:millstone":1,"minecraft:stone_pickaxe":4,"minecraft:redstone_block":18,"create:basin":1,"create:electron_tube":2,"create:windmill_bearing":2,"minecraft:wheat":72,"minecraft:cooked_beef":43,"minecraft:sugar":16,"minecraft:coal_block":11,"create:andesite_alloy":116,"create:hand_crank":1,"minecraft:diamond_sword":1,"minecraft:iron_sword":1,"better_mob_food:cooked_flesh":6,"tacz:gun_smith_table":1,"minecraft:bucket":2,"minecraft:air":0,"create:raw_zinc_block":14,"minecraft:oak_boat":1,"create:whisk":1,"minecraft:raw_gold":9,"create:linear_chassis":33,"create:raw_zinc":36,"minecraft:iron_leggings":2,"create:mechanical_drill":12,"create:shaft":32,"minecraft:torch":96,"create:zinc_ingot":40},"minecraft:mined":{"minecraft:large_amethyst_bud":5,"create:deepslate_zinc_ore":75,"minecraft:spruce_planks":2,"minecraft:white_bed":2,"minecraft:oak_sapling":2,"create:andesite_casing":16,"minecraft:brewing_stand":1,"minecraft:obsidian":9,"minecraft:grass_block":12,"minecraft:soul_soil":11,"tacz:gun_smith_table":1,"minecraft:spawner":6,"minecraft:smooth_stone":8,"minecraft:magma_block":55,"minecraft:glowstone":13,"minecraft:iron_ore":103,"minecraft:cobbled_deepslate":2,"minecraft:fire":30,"minecraft:deepslate_lapis_ore":3,"minecraft:azure_bluet":2,"minecraft:red_tulip":16,"minecraft:cave_vines":6,"minecraft:iron_bars":18,"minecraft:green_bed":1,"minecraft:deepslate_redstone_ore":32,"create:cogwheel":4,"minecraft:crimson_nylium":6,"minecraft:torch":119,"minecraft:blast_furnace":1,"minecraft:poppy":2,"minecraft:nether_quartz_ore":18,"minecraft:cobblestone":126,"minecraft:bricks":2,"minecraft:oak_planks":40,"minecraft:wall_torch":13,"minecraft:seagrass":1,"minecraft:birch_log":13,"create:mechanical_mixer":1,"projectvibrantjourneys:bones":1,"minecraft:orange_tulip":16,"minecraft:grass":14,"minecraft:oak_log":88,"projectvibrantjourneys:short_grass":6,"create:hand_crank":4,"minecraft:dirt":47,"minecraft:sand":1,"minecraft:smooth_basalt":26,"minecraft:netherrack":681,"minecraft:oak_leaves":17,"minecraft:deepslate":18,"psg:nether_sulphur_ore":1,"create:zinc_ore":54,"minecraft:diamond_ore":3,"minecraft:mossy_cobblestone":6,"minecraft:deepslate_diamond_ore":13,"projectvibrantjourneys:rocks":6,"psg:sulphur_ore":11,"minecraft:allium":5,"create:large_cogwheel":1,"minecraft:large_fern":4,"minecraft:redstone_ore":1,"create:shaft":2,"minecraft:furnace":3,"create:white_sail":32,"minecraft:andesite":158,"create:cart_assembler":1,"minecraft:deepslate_iron_ore":32,"minecraft:vine":6,"minecraft:rail":41,"projectvibrantjourneys:seashells":1,"minecraft:stone":486,"minecraft:white_tulip":5,"create:white_seat":2,"psg:potassium_ore":6,"minecraft:basalt":18,"minecraft:dandelion":7,"psg:deepslate_sulphur_ore":6,"minecraft:crafting_table":2,"minecraft:cornflower":1,"minecraft:andesite_slab":78,"minecraft:rose_bush":13,"minecraft:sculk_sensor":1,"minecraft:copper_ore":76,"minecraft:tall_grass":22,"minecraft:deepslate_coal_ore":1,"minecraft:lapis_ore":6,"minecraft:deepslate_gold_ore":18,"supplementaries:cage":20,"minecraft:air":1,"supplementaries:urn":18,"minecraft:red_terracotta":13,"minecraft:birch_leaves":8,"create:mechanical_drill":6,"minecraft:coal_ore":87,"minecraft:gravel":191,"minecraft:cobweb":23,"minecraft:terracotta":5,"minecraft:stripped_acacia_wood":3,"minecraft:gold_ore":8},"minecraft:custom":{"minecraft:interact_with_crafting_table":124,"minecraft:open_barrel":87,"goblintraders:trade_with_goblin":212,"minecraft:leave_game":14,"minecraft:time_since_death":104348,"minecraft:sprint_one_cm":1552452,"minecraft:drop":301,"minecraft:talked_to_villager":3,"minecraft:play_time":906805,"minecraft:deaths":10,"minecraft:jump":10101,"minecraft:walk_on_water_one_cm":129129,"minecraft:interact_with_furnace":85,"minecraft:sleep_in_bed":17,"minecraft:damage_dealt":11214,"minecraft:crouch_one_cm":57345,"minecraft:mob_kills":178,"minecraft:damage_dealt_resisted":3166,"minecraft:climb_one_cm":16032,"minecraft:walk_one_cm":1751646,"minecraft:damage_dealt_absorbed":281,"minecraft:sneak_time":28646,"minecraft:walk_under_water_one_cm":158909,"minecraft:boat_one_cm":46229,"minecraft:interact_with_blast_furnace":44,"minecraft:total_world_time":906805,"minecraft:time_since_rest":104375,"minecraft:damage_taken":16158,"minecraft:swim_one_cm":162222,"minecraft:fly_one_cm":1523171,"minecraft:open_chest":474,"minecraft:fall_one_cm":330811},"minecraft:killed":{"minecraft:zombified_piglin":5,"minecraft:spider":5,"minecraft:skeleton":38,"minecraft:guardian":2,"minecraft:silverfish":1,"artifacts:mimic":4,"minecraft:piglin":3,"minecraft:pig":12,"minecraft:zombie_villager":1,"minecraft:iron_golem":1,"mutantmonsters:mutant_skeleton":1,"minecraft:creeper":5,"alexsmobs:crimson_mosquito":2,"minecraft:sheep":4,"minecraft:trader_llama":1,"minecraft:pillager":1,"minecraft:zombie":31,"minecraft:ghast":2,"minecraft:cow":10,"minecraft:phantom":21,"alexsmobs:bison":4,"minecraft:drowned":7,"minecraft:wither_skeleton":1,"minecraft:enderman":1},"minecraft:picked_up":{"minecraft:iron_chestplate":6,"minecraft:wheat":1,"minecraft:lead":9,"minecraft:diamond_sword":6,"create:wrench":4,"create:furnace_minecart_contraption":3,"minecraft:string":40,"minecraft:soul_soil":11,"minecraft:raw_copper":268,"minecraft:iron_leggings":6,"minecraft:bucket":1,"minecraft:smooth_stone":8,"create:cart_assembler":1,"minecraft:gold_nugget":9,"minecraft:cobbled_deepslate":22,"minecraft:spruce_planks":5,"minecraft:white_tulip":5,"minecraft:rose_bush":26,"minecraft:iron_pickaxe":3,"alexsmobs:raccoon_tail":1,"minecraft:furnace":3,"minecraft:iron_boots":7,"minecraft:stick":84,"create:mechanical_mixer":1,"create:dough":16,"minecraft:torch":266,"minecraft:green_bed":1,"create:andesite_casing":16,"minecraft:porkchop":21,"psg:sulphur":103,"tacz:attachment":17,"create:large_cogwheel":2,"minecraft:honey_bottle":1,"minecraft:rotten_flesh":33,"minecraft:red_tulip":16,"supplementaries:ash":32,"minecraft:obsidian":9,"minecraft:iron_bars":32,"minecraft:cobblestone":945,"minecraft:birch_log":13,"minecraft:furnace_minecart":1,"minecraft:magma_block":50,"minecraft:cooked_beef":15,"minecraft:water_bucket":5,"minecraft:andesite":192,"projectvibrantjourneys:fallen_leaves":2,"artifacts:thorn_pendant":5,"alexsmobs:bison_fur":1,"minecraft:flint":20,"create:raw_zinc":130,"supplementaries:flax_seeds":2,"minecraft:lapis_lazuli":71,"minecraft:dirt":103,"create:mechanical_plough":1,"tacz:ammo_box":16,"minecraft:bone":75,"minecraft:wheat_seeds":16,"minecraft:orange_tulip":16,"minecraft:raw_gold":33,"create:mechanical_drill":18,"minecraft:grindstone":1,"create:shaft":8,"minecraft:glowstone_dust":30,"tacz:gun_smith_table":1,"minecraft:oak_planks":147,"psg:raw_potassium":26,"create:cogwheel":4,"minecraft:stripped_acacia_wood":2,"minecraft:sand":1,"sophisticatedbackpacks:iron_backpack":1,"minecraft:red_terracotta":13,"minecraft:mossy_cobblestone":8,"artifacts:golden_hook":1,"minecraft:diamond":29,"artifacts:crystal_heart":6,"minecraft:lever":3,"minecraft:bread":468,"minecraft:bricks":2,"minecraft:andesite_slab":153,"minecraft:oak_sapling":34,"minecraft:netherrack":1673,"create:white_sail":32,"minecraft:diamond_pickaxe":8,"minecraft:crafting_table":2,"minecraft:allium":5,"minecraft:azure_bluet":11,"minecraft:brown_mushroom":1,"minecraft:cornflower":25,"minecraft:flint_and_steel":2,"artifacts:feral_claws":6,"tacz:ammo":4380,"minecraft:beef":47,"minecraft:oak_boat":2,"create:white_seat":2,"minecraft:iron_nugget":8,"minecraft:poppy":4,"supplementaries:cage":21,"minecraft:birch_sapling":4,"minecraft:phantom_membrane":1,"minecraft:raw_iron":159,"create:golden_sheet":3,"minecraft:copper_ingot":1,"projectvibrantjourneys:bark_mushroom":2,"sophisticatedbackpacks:backpack":6,"minecraft:fire_charge":2,"pointblank:gunmetal_nugget":113,"create:hand_crank":4,"minecraft:redstone":163,"create:vertical_gearbox":1,"minecraft:arrow":28,"minecraft:diamond_boots":1,"minecraft:glistering_melon_slice":4,"minecraft:gold_ingot":18,"minecraft:glow_berries":1,"minecraft:mutton":8,"minecraft:rail":113,"minecraft:skeleton_skull":1,"minecraft:white_wool":4,"minecraft:oxeye_daisy":16,"create:iron_sheet":28,"create:brass_sheet":8,"minecraft:basalt":18,"minecraft:leather":9,"minecraft:red_mushroom":1,"minecraft:crimson_fungus":1,"create:andesite_alloy":24,"minecraft:oak_log":177,"minecraft:lily_pad":2,"minecraft:gunpowder":81,"minecraft:apple":4,"minecraft:iron_ingot":75,"projectvibrantjourneys:light_brown_bark_mushroom":2,"minecraft:smooth_basalt":25,"minecraft:quartz":33,"minecraft:dandelion":29,"minecraft:gravel":748,"minecraft:blast_furnace":1,"minecraft:white_bed":2,"minecraft:spider_eye":1,"create:wheat_flour":57,"minecraft:diamond_shovel":2,"minecraft:slime_ball":2,"create:brass_ingot":13,"tacz:modern_kinetic_gun":9,"minecraft:iron_helmet":7,"minecraft:diamond_axe":5,"minecraft:terracotta":4,"projectvibrantjourneys:orange_bark_mushroom":3,"minecraft:coal":276,"minecraft:ender_pearl":2},"minecraft:used":{"create:deployer":9,"minecraft:poppy":1,"minecraft:chest":15,"minecraft:iron_sword":131,"minecraft:iron_chestplate":1,"create:white_sail":48,"create:cogwheel":17,"minecraft:furnace_minecart":1,"minecraft:azure_bluet":1,"minecraft:obsidian":9,"minecraft:bricks":2,"minecraft:birch_sapling":3,"minecraft:iron_helmet":1,"create:millstone":2,"create:shaft":4,"minecraft:oak_sapling":51,"minecraft:furnace":2,"create:mechanical_drill":30,"minecraft:oak_planks":40,"minecraft:stone_pickaxe":514,"minecraft:wooden_pickaxe":12,"minecraft:diamond_axe":348,"minecraft:large_amethyst_bud":5,"minecraft:glow_berries":92,"minecraft:blast_furnace":2,"minecraft:lever":4,"minecraft:bread":135,"minecraft:red_terracotta":12,"minecraft:diamond_ore":1,"create:andesite_casing":4,"minecraft:gravel":102,"create:white_seat":2,"minecraft:fire_charge":1,"minecraft:diamond_sword":31,"create:basin":1,"minecraft:andesite":4,"minecraft:birch_log":13,"minecraft:oak_boat":1,"create:vertical_gearbox":2,"minecraft:bone_meal":12,"create:large_cogwheel":20,"minecraft:stripped_acacia_wood":2,"minecraft:oak_trapdoor":2,"tacz:gun_smith_table":2,"minecraft:spruce_planks":5,"minecraft:netherrack":439,"minecraft:torch":219,"minecraft:dirt":111,"create:mechanical_mixer":2,"create:mechanical_plough":1,"projectvibrantjourneys:fallen_leaves":1,"create:wrench":66,"minecraft:iron_boots":1,"create:cart_assembler":5,"minecraft:soul_soil":2,"minecraft:cooked_beef":73,"minecraft:cobbled_deepslate":15,"minecraft:cooked_mutton":2,"minecraft:water_bucket":99,"minecraft:andesite_slab":66,"minecraft:green_bed":1,"create:blaze_burner":1,"create:furnace_minecart_contraption":15,"minecraft:mossy_cobblestone":1,"minecraft:rail":32,"minecraft:terracotta":2,"create:encased_fan":1,"minecraft:crafting_table":4,"minecraft:white_bed":2,"minecraft:oak_log":25,"create:linear_chassis":44,"minecraft:diamond_pickaxe":1619,"minecraft:apple":1,"supplementaries:cage":52,"minecraft:diamond_shovel":140,"create:mechanical_press":2,"create:windmill_bearing":2,"minecraft:iron_pickaxe":329,"minecraft:cobblestone":114,"minecraft:cooked_porkchop":12,"minecraft:bucket":102,"create:hand_crank":5},"minecraft:dropped":{"sophisticatedbackpacks:iron_backpack":1,"minecraft:brown_mushroom":1,"minecraft:cooked_beef":9,"minecraft:oak_log":23,"minecraft:orange_tulip":16,"minecraft:glow_berries":1,"create:cogwheel":2,"minecraft:leather":8,"minecraft:rail":31,"projectvibrantjourneys:orange_bark_mushroom":3,"alexsmobs:bison_fur":1,"minecraft:red_mushroom":1,"minecraft:flint":1,"minecraft:dirt":18,"minecraft:cornflower":25,"projectvibrantjourneys:fallen_leaves":1,"minecraft:phantom_membrane":1,"minecraft:sugar":16,"minecraft:iron_pickaxe":2,"alexsmobs:raccoon_tail":1,"projectvibrantjourneys:bark_mushroom":2,"minecraft:gold_ingot":15,"minecraft:bone":6,"minecraft:white_tulip":5,"minecraft:crimson_fungus":1,"minecraft:cobbled_deepslate":6,"minecraft:wheat":138,"minecraft:birch_sapling":1,"minecraft:rotten_flesh":8,"minecraft:oak_planks":1,"psg:raw_potassium":12,"minecraft:honey_bottle":1,"minecraft:azure_bluet":5,"minecraft:poppy":3,"projectvibrantjourneys:light_brown_bark_mushroom":2,"supplementaries:flax_seeds":2,"minecraft:gunpowder":1,"minecraft:skeleton_skull":1,"create:wrench":1,"create:brass_ingot":21,"create:wheat_flour":73,"minecraft:iron_bars":24,"minecraft:arrow":3,"minecraft:quartz":7,"minecraft:netherrack":52,"tacz:attachment":13,"minecraft:water_bucket":1,"minecraft:iron_ingot":19,"minecraft:bread":68,"minecraft:oak_slab":1,"minecraft:wheat_seeds":18,"minecraft:mossy_cobblestone":5,"minecraft:cobblestone":192,"minecraft:iron_helmet":2,"minecraft:lead":5,"minecraft:copper_ingot":21,"minecraft:stick":1,"minecraft:oxeye_daisy":16,"create:andesite_casing":8,"tacz:ammo_box":7,"create:blaze_burner":1,"minecraft:torch":19,"minecraft:rose_bush":26,"minecraft:iron_leggings":1,"tacz:modern_kinetic_gun":4,"minecraft:bucket":1,"create:mechanical_drill":12,"minecraft:string":25,"minecraft:lily_pad":2,"minecraft:dandelion":19,"minecraft:stone_sword":1,"minecraft:iron_boots":2,"artifacts:golden_hook":1,"pointblank:gunmetal_nugget":35,"supplementaries:cage":5,"minecraft:diamond_sword":1,"minecraft:allium":10,"create:zinc_ingot":20,"minecraft:diamond_pickaxe":2,"minecraft:iron_chestplate":3,"minecraft:oak_sapling":6,"create:hand_crank":1,"minecraft:spider_eye":1,"tacz:ammo":180,"minecraft:diamond_boots":1,"minecraft:slime_ball":1,"minecraft:wooden_pickaxe":1,"minecraft:red_tulip":16,"minecraft:magma_block":50,"create:empty_blaze_burner":2,"minecraft:terracotta":2}},"DataVersion":3465}