{"stats":{"minecraft:dropped":{"minecraft:ink_sac":3,"alexsmobs:animal_dictionary":1},"minecraft:picked_up":{"minecraft:spruce_planks":5,"minecraft:lily_pad":2,"minecraft:ink_sac":3,"minecraft:spruce_log":1},"minecraft:mined":{"minecraft:spruce_log":1,"minecraft:spruce_planks":4},"minecraft:custom":{"minecraft:time_since_rest":8641,"minecraft:leave_game":1,"minecraft:time_since_death":8641,"minecraft:play_time":8641,"minecraft:sprint_one_cm":22246,"minecraft:walk_on_water_one_cm":2727,"minecraft:walk_one_cm":14461,"minecraft:total_world_time":8641,"minecraft:walk_under_water_one_cm":1709,"minecraft:swim_one_cm":5592,"minecraft:fall_one_cm":836,"minecraft:drop":4,"minecraft:fly_one_cm":73936,"minecraft:jump":200}},"DataVersion":3465}