{"stats":{"minecraft:dropped":{"minecraft:stone_sword":1,"minecraft:mossy_cobblestone":5,"minecraft:glow_berries":1,"projectvibrantjourneys:orange_bark_mushroom":1,"pointblank:gunmetal_nugget":5,"minecraft:skeleton_skull":1,"minecraft:wooden_pickaxe":1},"minecraft:used":{"minecraft:stone_pickaxe":514,"minecraft:chest":2,"minecraft:wooden_pickaxe":12,"minecraft:iron_sword":69,"minecraft:green_bed":1,"minecraft:iron_chestplate":1,"minecraft:torch":71,"minecraft:mossy_cobblestone":1,"minecraft:dirt":4,"minecraft:crafting_table":1,"minecraft:diamond_pickaxe":342,"supplementaries:cage":2,"minecraft:iron_pickaxe":221,"minecraft:iron_helmet":1,"minecraft:gravel":49,"minecraft:cobblestone":97,"minecraft:oak_sapling":2,"minecraft:andesite":4,"minecraft:cooked_beef":9},"minecraft:crafted":{"minecraft:cooked_beef":4,"minecraft:oak_slab":6,"minecraft:oak_planks":40,"minecraft:raw_iron":9,"minecraft:crafting_table":1,"minecraft:iron_helmet":1,"minecraft:wooden_pickaxe":1,"minecraft:iron_sword":1,"supplementaries:cage":2,"minecraft:copper_ingot":120,"minecraft:air":0,"minecraft:iron_chestplate":1,"minecraft:raw_copper":18,"minecraft:stick":28,"minecraft:stone_pickaxe":4,"minecraft:iron_ingot":80,"minecraft:iron_pickaxe":2,"minecraft:stone_sword":1,"minecraft:chest":2,"minecraft:gold_ingot":33,"minecraft:iron_leggings":1,"minecraft:torch":64},"minecraft:mined":{"create:zinc_ore":52,"minecraft:deepslate_redstone_ore":2,"create:deepslate_zinc_ore":41,"minecraft:mossy_cobblestone":6,"minecraft:deepslate_diamond_ore":1,"psg:potassium_ore":6,"projectvibrantjourneys:rocks":2,"psg:sulphur_ore":11,"minecraft:torch":18,"minecraft:copper_ore":76,"minecraft:cobblestone":38,"minecraft:deepslate_coal_ore":1,"minecraft:deepslate_gold_ore":6,"minecraft:lapis_ore":6,"minecraft:wall_torch":7,"minecraft:air":1,"supplementaries:urn":6,"minecraft:redstone_ore":1,"minecraft:iron_ore":90,"minecraft:andesite":158,"minecraft:deepslate_lapis_ore":3,"minecraft:oak_log":12,"minecraft:coal_ore":85,"minecraft:deepslate_iron_ore":13,"minecraft:vine":6,"minecraft:iron_bars":18,"minecraft:gravel":58,"minecraft:dirt":16,"minecraft:cobweb":23,"minecraft:deepslate":1,"minecraft:stone":419,"minecraft:gold_ore":5,"minecraft:oak_leaves":2,"minecraft:green_bed":1},"minecraft:broken":{"minecraft:stone_pickaxe":4},"minecraft:custom":{"minecraft:interact_with_furnace":8,"minecraft:mob_kills":5,"minecraft:interact_with_crafting_table":20,"minecraft:open_barrel":36,"goblintraders:trade_with_goblin":104,"minecraft:leave_game":2,"minecraft:time_since_death":104823,"minecraft:climb_one_cm":222,"minecraft:time_since_rest":104823,"minecraft:sprint_one_cm":145647,"minecraft:damage_taken":520,"minecraft:walk_one_cm":211646,"minecraft:drop":15,"minecraft:damage_dealt":1935,"minecraft:fly_one_cm":71797,"minecraft:open_chest":21,"minecraft:crouch_one_cm":5346,"minecraft:play_time":104823,"minecraft:sneak_time":4291,"minecraft:jump":971,"minecraft:total_world_time":104823,"minecraft:fall_one_cm":9481},"minecraft:killed":{"minecraft:zombie":2,"minecraft:silverfish":1,"artifacts:mimic":2},"minecraft:picked_up":{"minecraft:cooked_beef":7,"minecraft:andesite":158,"minecraft:flint":2,"create:raw_zinc":93,"minecraft:oak_log":12,"minecraft:lapis_lazuli":55,"minecraft:string":23,"minecraft:dirt":16,"minecraft:raw_copper":268,"minecraft:apple":1,"minecraft:cobbled_deepslate":1,"minecraft:raw_gold":11,"minecraft:iron_boots":1,"minecraft:stick":3,"minecraft:raw_iron":103,"psg:raw_potassium":26,"minecraft:torch":31,"minecraft:green_bed":1,"minecraft:gravel":99,"pointblank:gunmetal_nugget":5,"psg:sulphur":52,"minecraft:redstone":13,"minecraft:mossy_cobblestone":8,"artifacts:golden_hook":1,"minecraft:rotten_flesh":1,"minecraft:slime_ball":1,"minecraft:diamond":1,"artifacts:crystal_heart":1,"supplementaries:ash":14,"projectvibrantjourneys:orange_bark_mushroom":1,"minecraft:oak_sapling":2,"minecraft:glow_berries":1,"minecraft:iron_bars":18,"minecraft:coal":86,"minecraft:skeleton_skull":1,"minecraft:cobblestone":442}},"DataVersion":3465}