{"stats":{"minecraft:broken":{"minecraft:iron_boots":1,"minecraft:stone_pickaxe":4},"minecraft:crafted":{"minecraft:smooth_stone":3,"minecraft:oak_planks":168,"minecraft:raw_iron":72,"minecraft:iron_nugget":81,"create:white_sail":8,"psg:sulphur_sack":10,"minecraft:blast_furnace":1,"minecraft:stone":3,"minecraft:bone_meal":12,"minecraft:diamond_shovel":2,"minecraft:raw_copper_block":29,"minecraft:oak_trapdoor":2,"minecraft:iron_boots":1,"minecraft:raw_copper":90,"create:cart_assembler":1,"create:mechanical_press":1,"minecraft:slime_ball":2,"create:millstone":1,"minecraft:stone_pickaxe":4,"minecraft:chest":5,"minecraft:copper_block":13,"minecraft:redstone_block":18,"create:basin":1,"create:cogwheel":10,"minecraft:wheat":72,"minecraft:raw_iron_block":13,"minecraft:cooked_beef":31,"minecraft:oak_slab":30,"create:andesite_alloy":40,"create:hand_crank":1,"minecraft:diamond_sword":1,"minecraft:diamond_axe":1,"minecraft:crafting_table":2,"tacz:ammo_box":7,"minecraft:wooden_pickaxe":1,"minecraft:iron_helmet":1,"minecraft:iron_sword":1,"minecraft:raw_gold_block":3,"supplementaries:cage":9,"better_mob_food:cooked_flesh":6,"tacz:gun_smith_table":1,"minecraft:copper_ingot":309,"minecraft:gold_block":15,"minecraft:bucket":1,"create:mechanical_mixer":1,"minecraft:air":0,"create:raw_zinc_block":14,"create:encased_fan":1,"create:whisk":1,"minecraft:iron_chestplate":2,"minecraft:raw_gold":9,"create:super_glue":1,"minecraft:stick":56,"create:large_cogwheel":2,"minecraft:iron_ingot":296,"minecraft:iron_pickaxe":3,"minecraft:iron_block":15,"minecraft:stone_sword":1,"minecraft:gold_ingot":102,"minecraft:iron_leggings":2,"create:propeller":1,"create:shaft":24,"minecraft:torch":96},"minecraft:mined":{"create:zinc_ore":54,"minecraft:large_amethyst_bud":5,"minecraft:diamond_ore":3,"create:deepslate_zinc_ore":75,"minecraft:mossy_cobblestone":6,"minecraft:deepslate_diamond_ore":12,"create:andesite_casing":14,"projectvibrantjourneys:rocks":4,"psg:sulphur_ore":11,"minecraft:allium":5,"minecraft:grass_block":12,"create:large_cogwheel":1,"minecraft:soul_soil":11,"minecraft:large_fern":4,"minecraft:redstone_ore":1,"minecraft:magma_block":55,"minecraft:glowstone":13,"minecraft:furnace":3,"minecraft:iron_ore":103,"minecraft:fire":6,"minecraft:cobbled_deepslate":2,"minecraft:andesite":158,"minecraft:deepslate_lapis_ore":3,"minecraft:azure_bluet":2,"minecraft:red_tulip":16,"minecraft:cave_vines":6,"minecraft:vine":6,"minecraft:deepslate_iron_ore":32,"minecraft:iron_bars":18,"minecraft:white_tulip":5,"minecraft:stone":420,"minecraft:green_bed":1,"minecraft:deepslate_redstone_ore":32,"psg:potassium_ore":6,"minecraft:crimson_nylium":6,"minecraft:dandelion":7,"psg:deepslate_sulphur_ore":6,"minecraft:cornflower":1,"minecraft:crafting_table":2,"minecraft:torch":47,"minecraft:poppy":2,"minecraft:rose_bush":13,"minecraft:sculk_sensor":1,"minecraft:nether_quartz_ore":11,"minecraft:copper_ore":76,"minecraft:tall_grass":18,"minecraft:cobblestone":45,"minecraft:deepslate_coal_ore":1,"minecraft:deepslate_gold_ore":18,"minecraft:lapis_ore":6,"minecraft:oak_planks":6,"minecraft:wall_torch":11,"supplementaries:cage":2,"minecraft:air":1,"supplementaries:urn":15,"create:mechanical_mixer":1,"minecraft:orange_tulip":16,"minecraft:grass":7,"minecraft:coal_ore":85,"minecraft:oak_log":62,"projectvibrantjourneys:short_grass":6,"minecraft:gravel":150,"create:hand_crank":4,"minecraft:dirt":40,"minecraft:cobweb":23,"minecraft:netherrack":126,"minecraft:gold_ore":8,"minecraft:oak_leaves":9,"minecraft:deepslate":18,"psg:nether_sulphur_ore":1},"minecraft:custom":{"minecraft:mob_kills":55,"minecraft:interact_with_crafting_table":78,"minecraft:open_barrel":58,"goblintraders:trade_with_goblin":123,"minecraft:damage_dealt_resisted":131,"minecraft:leave_game":4,"minecraft:time_since_death":157384,"minecraft:climb_one_cm":748,"minecraft:sprint_one_cm":632115,"minecraft:walk_one_cm":679769,"minecraft:drop":158,"minecraft:damage_dealt_absorbed":80,"minecraft:talked_to_villager":1,"minecraft:play_time":426028,"minecraft:sneak_time":11861,"minecraft:deaths":1,"minecraft:walk_under_water_one_cm":7453,"minecraft:jump":4585,"minecraft:interact_with_blast_furnace":28,"minecraft:walk_on_water_one_cm":28610,"minecraft:total_world_time":426028,"minecraft:interact_with_furnace":52,"minecraft:sleep_in_bed":7,"minecraft:time_since_rest":84384,"minecraft:damage_taken":5125,"minecraft:damage_dealt":8805,"minecraft:swim_one_cm":27211,"minecraft:fly_one_cm":752095,"minecraft:open_chest":203,"minecraft:crouch_one_cm":22364,"minecraft:fall_one_cm":175406},"minecraft:killed":{"minecraft:spider":1,"minecraft:phantom":4,"minecraft:skeleton":2,"minecraft:silverfish":1,"alexsmobs:bison":4,"artifacts:mimic":3,"minecraft:piglin":1,"minecraft:pig":7,"alexsmobs:crimson_mosquito":2,"minecraft:sheep":3,"minecraft:trader_llama":1,"minecraft:zombie":11,"minecraft:cow":4},"minecraft:picked_up":{"minecraft:crafting_table":2,"minecraft:allium":5,"minecraft:azure_bluet":11,"minecraft:brown_mushroom":1,"minecraft:diamond_sword":1,"minecraft:cornflower":24,"minecraft:string":25,"minecraft:soul_soil":11,"minecraft:raw_copper":268,"minecraft:flint_and_steel":2,"minecraft:iron_leggings":1,"artifacts:feral_claws":2,"tacz:ammo":2280,"minecraft:cobbled_deepslate":19,"minecraft:beef":35,"minecraft:white_tulip":5,"minecraft:rose_bush":26,"minecraft:poppy":3,"minecraft:iron_pickaxe":3,"supplementaries:cage":2,"minecraft:iron_boots":1,"minecraft:furnace":3,"minecraft:raw_iron":142,"minecraft:stick":23,"create:mechanical_mixer":1,"create:dough":16,"projectvibrantjourneys:bark_mushroom":2,"minecraft:torch":108,"minecraft:green_bed":1,"create:andesite_casing":14,"sophisticatedbackpacks:backpack":2,"psg:sulphur":103,"minecraft:fire_charge":2,"minecraft:porkchop":10,"pointblank:gunmetal_nugget":14,"tacz:attachment":17,"create:hand_crank":4,"minecraft:redstone":163,"create:large_cogwheel":1,"minecraft:rotten_flesh":8,"minecraft:red_tulip":16,"minecraft:gold_ingot":6,"minecraft:glistering_melon_slice":4,"supplementaries:ash":31,"minecraft:mutton":6,"minecraft:iron_bars":22,"minecraft:glow_berries":1,"minecraft:skeleton_skull":1,"minecraft:white_wool":3,"minecraft:cobblestone":449,"minecraft:oxeye_daisy":16,"create:iron_sheet":10,"minecraft:magma_block":50,"minecraft:cooked_beef":15,"minecraft:water_bucket":1,"minecraft:andesite":191,"minecraft:leather":4,"projectvibrantjourneys:fallen_leaves":2,"alexsmobs:bison_fur":1,"minecraft:flint":15,"minecraft:crimson_fungus":1,"create:raw_zinc":130,"minecraft:oak_log":98,"create:andesite_alloy":24,"supplementaries:flax_seeds":2,"minecraft:gunpowder":3,"minecraft:lapis_lazuli":55,"minecraft:dirt":78,"minecraft:bone":7,"minecraft:apple":2,"minecraft:wheat_seeds":6,"minecraft:orange_tulip":16,"minecraft:raw_gold":31,"create:mechanical_drill":6,"minecraft:iron_ingot":19,"create:shaft":6,"minecraft:glowstone_dust":30,"minecraft:oak_planks":7,"projectvibrantjourneys:light_brown_bark_mushroom":2,"psg:raw_potassium":26,"minecraft:quartz":26,"minecraft:dandelion":29,"minecraft:gravel":246,"minecraft:mossy_cobblestone":8,"create:wheat_flour":57,"minecraft:diamond_shovel":2,"minecraft:slime_ball":2,"minecraft:diamond":23,"artifacts:golden_hook":1,"artifacts:crystal_heart":2,"tacz:modern_kinetic_gun":4,"minecraft:iron_helmet":1,"minecraft:diamond_axe":1,"minecraft:bread":84,"projectvibrantjourneys:orange_bark_mushroom":1,"minecraft:oak_sapling":15,"minecraft:netherrack":127,"minecraft:coal":148,"minecraft:diamond_pickaxe":2,"minecraft:ender_pearl":2},"minecraft:used":{"minecraft:oak_trapdoor":2,"minecraft:poppy":1,"tacz:gun_smith_table":1,"minecraft:chest":5,"minecraft:iron_sword":131,"minecraft:netherrack":11,"minecraft:iron_chestplate":1,"minecraft:torch":127,"minecraft:dirt":46,"create:mechanical_mixer":2,"create:cogwheel":5,"minecraft:azure_bluet":1,"projectvibrantjourneys:fallen_leaves":1,"minecraft:iron_helmet":1,"minecraft:iron_boots":1,"create:millstone":1,"minecraft:soul_soil":2,"minecraft:oak_sapling":15,"minecraft:furnace":2,"minecraft:cooked_beef":50,"minecraft:cobbled_deepslate":15,"minecraft:water_bucket":9,"minecraft:oak_planks":5,"minecraft:stone_pickaxe":514,"minecraft:wooden_pickaxe":12,"minecraft:diamond_axe":172,"minecraft:green_bed":1,"minecraft:large_amethyst_bud":5,"minecraft:glow_berries":92,"minecraft:mossy_cobblestone":1,"create:encased_fan":1,"minecraft:crafting_table":4,"minecraft:blast_furnace":1,"minecraft:oak_log":17,"minecraft:diamond_pickaxe":619,"supplementaries:cage":10,"minecraft:diamond_shovel":140,"create:mechanical_press":1,"minecraft:bread":3,"minecraft:iron_pickaxe":329,"minecraft:diamond_ore":1,"create:andesite_casing":1,"minecraft:gravel":49,"create:basin":1,"minecraft:cobblestone":110,"minecraft:diamond_sword":12,"minecraft:andesite":4,"minecraft:bucket":10,"create:hand_crank":5,"create:large_cogwheel":6,"minecraft:bone_meal":12},"minecraft:dropped":{"minecraft:iron_ingot":15,"minecraft:brown_mushroom":1,"minecraft:wheat_seeds":8,"minecraft:cooked_beef":9,"minecraft:oak_log":7,"minecraft:mossy_cobblestone":5,"minecraft:orange_tulip":16,"minecraft:glow_berries":1,"minecraft:leather":4,"projectvibrantjourneys:orange_bark_mushroom":1,"alexsmobs:bison_fur":1,"minecraft:stick":1,"create:andesite_casing":6,"minecraft:oxeye_daisy":16,"minecraft:dirt":3,"minecraft:cornflower":24,"projectvibrantjourneys:fallen_leaves":1,"minecraft:rose_bush":26,"tacz:modern_kinetic_gun":2,"minecraft:iron_pickaxe":2,"minecraft:string":25,"projectvibrantjourneys:bark_mushroom":2,"minecraft:dandelion":19,"minecraft:white_tulip":5,"minecraft:crimson_fungus":1,"minecraft:stone_sword":1,"minecraft:cobbled_deepslate":3,"minecraft:wheat":138,"minecraft:rotten_flesh":2,"minecraft:oak_planks":1,"minecraft:iron_boots":1,"artifacts:golden_hook":1,"psg:raw_potassium":12,"minecraft:azure_bluet":5,"pointblank:gunmetal_nugget":14,"supplementaries:cage":2,"minecraft:poppy":2,"projectvibrantjourneys:light_brown_bark_mushroom":2,"supplementaries:flax_seeds":2,"minecraft:gunpowder":1,"minecraft:allium":10,"minecraft:skeleton_skull":1,"minecraft:iron_chestplate":1,"minecraft:slime_ball":1,"create:wheat_flour":73,"minecraft:iron_bars":14,"minecraft:wooden_pickaxe":1,"minecraft:red_tulip":16,"minecraft:magma_block":50,"minecraft:netherrack":52,"tacz:attachment":13}},"DataVersion":3465}