{"stats":{"minecraft:dropped":{"minecraft:stone_sword":1,"minecraft:mossy_cobblestone":5,"minecraft:rotten_flesh":1,"minecraft:glow_berries":1,"psg:raw_potassium":12,"projectvibrantjourneys:orange_bark_mushroom":1,"pointblank:gunmetal_nugget":5,"minecraft:stick":1,"minecraft:skeleton_skull":1,"minecraft:slime_ball":1,"minecraft:wooden_pickaxe":1,"minecraft:iron_pickaxe":1},"minecraft:used":{"minecraft:stone_pickaxe":514,"minecraft:chest":2,"minecraft:wooden_pickaxe":12,"minecraft:iron_sword":71,"minecraft:green_bed":1,"minecraft:large_amethyst_bud":5,"minecraft:iron_chestplate":1,"minecraft:torch":73,"minecraft:mossy_cobblestone":1,"minecraft:dirt":4,"minecraft:crafting_table":1,"minecraft:diamond_pickaxe":358,"supplementaries:cage":2,"minecraft:iron_pickaxe":232,"minecraft:iron_helmet":1,"minecraft:diamond_ore":1,"minecraft:gravel":49,"minecraft:cobblestone":98,"minecraft:oak_sapling":2,"minecraft:andesite":4,"minecraft:cooked_beef":10},"minecraft:crafted":{"minecraft:cooked_beef":4,"minecraft:oak_slab":6,"minecraft:oak_planks":40,"minecraft:raw_iron":9,"minecraft:crafting_table":1,"minecraft:iron_helmet":1,"minecraft:wooden_pickaxe":1,"minecraft:iron_sword":1,"supplementaries:cage":2,"minecraft:copper_ingot":120,"minecraft:air":0,"minecraft:iron_chestplate":1,"minecraft:raw_copper":18,"minecraft:stick":28,"minecraft:stone_pickaxe":4,"minecraft:iron_ingot":80,"minecraft:iron_pickaxe":3,"minecraft:stone_sword":1,"minecraft:chest":2,"minecraft:gold_ingot":33,"minecraft:iron_leggings":1,"minecraft:torch":64},"minecraft:mined":{"create:zinc_ore":52,"minecraft:diamond_ore":1,"minecraft:deepslate_redstone_ore":2,"minecraft:large_amethyst_bud":5,"create:deepslate_zinc_ore":41,"minecraft:mossy_cobblestone":6,"minecraft:deepslate_diamond_ore":4,"psg:potassium_ore":6,"psg:deepslate_sulphur_ore":5,"projectvibrantjourneys:rocks":2,"psg:sulphur_ore":11,"minecraft:torch":18,"minecraft:copper_ore":76,"minecraft:cobblestone":38,"minecraft:deepslate_coal_ore":1,"minecraft:deepslate_gold_ore":6,"minecraft:lapis_ore":6,"minecraft:wall_torch":7,"minecraft:air":1,"supplementaries:urn":7,"minecraft:redstone_ore":1,"minecraft:iron_ore":100,"minecraft:andesite":158,"minecraft:deepslate_lapis_ore":3,"minecraft:oak_log":12,"minecraft:coal_ore":85,"minecraft:deepslate_iron_ore":14,"minecraft:vine":6,"minecraft:iron_bars":18,"minecraft:gravel":58,"minecraft:dirt":16,"minecraft:cobweb":23,"minecraft:deepslate":2,"minecraft:stone":419,"minecraft:gold_ore":5,"minecraft:oak_leaves":2,"minecraft:green_bed":1},"minecraft:broken":{"minecraft:stone_pickaxe":4},"minecraft:custom":{"minecraft:interact_with_furnace":8,"minecraft:mob_kills":5,"minecraft:interact_with_crafting_table":20,"minecraft:open_barrel":56,"goblintraders:trade_with_goblin":104,"minecraft:leave_game":2,"minecraft:time_since_death":116823,"minecraft:climb_one_cm":222,"minecraft:time_since_rest":116823,"minecraft:sprint_one_cm":156243,"minecraft:damage_taken":552,"minecraft:walk_one_cm":231192,"minecraft:drop":20,"minecraft:damage_dealt":2018,"minecraft:fly_one_cm":79698,"minecraft:open_chest":21,"minecraft:walk_under_water_one_cm":121,"minecraft:crouch_one_cm":6627,"minecraft:play_time":116823,"minecraft:sneak_time":4908,"minecraft:jump":1034,"minecraft:walk_on_water_one_cm":3618,"minecraft:total_world_time":116823,"minecraft:fall_one_cm":10108},"minecraft:killed":{"minecraft:zombie":2,"minecraft:silverfish":1,"artifacts:mimic":2},"minecraft:picked_up":{"minecraft:cooked_beef":7,"minecraft:andesite":158,"minecraft:flint":2,"create:raw_zinc":93,"minecraft:oak_log":12,"minecraft:lapis_lazuli":55,"minecraft:string":23,"minecraft:dirt":16,"minecraft:raw_copper":268,"minecraft:apple":1,"minecraft:cobbled_deepslate":1,"minecraft:raw_gold":11,"minecraft:iron_pickaxe":1,"minecraft:iron_boots":1,"minecraft:stick":3,"minecraft:raw_iron":115,"psg:raw_potassium":26,"minecraft:torch":31,"minecraft:green_bed":1,"minecraft:gravel":99,"pointblank:gunmetal_nugget":5,"psg:sulphur":85,"minecraft:redstone":13,"minecraft:mossy_cobblestone":8,"artifacts:golden_hook":1,"minecraft:rotten_flesh":1,"minecraft:slime_ball":2,"minecraft:diamond":8,"artifacts:crystal_heart":1,"supplementaries:ash":18,"projectvibrantjourneys:orange_bark_mushroom":1,"minecraft:oak_sapling":2,"minecraft:glow_berries":1,"minecraft:iron_bars":18,"minecraft:coal":86,"minecraft:skeleton_skull":1,"minecraft:cobblestone":442}},"DataVersion":3465}