{"stats":{"minecraft:dropped":{"projectvibrantjourneys:orange_bark_mushroom":1},"minecraft:used":{"minecraft:crafting_table":1,"minecraft:oak_sapling":2,"minecraft:andesite":4,"minecraft:wooden_pickaxe":11,"minecraft:cooked_beef":1},"minecraft:crafted":{"minecraft:oak_planks":16,"minecraft:crafting_table":1,"minecraft:wooden_pickaxe":1},"minecraft:mined":{"minecraft:oak_log":12,"minecraft:stone":5,"minecraft:andesite":6,"minecraft:oak_leaves":2},"minecraft:custom":{"minecraft:time_since_rest":8823,"minecraft:sprint_one_cm":18075,"minecraft:play_time":8823,"minecraft:damage_taken":140,"minecraft:walk_one_cm":13124,"minecraft:drop":1,"minecraft:jump":147,"minecraft:leave_game":2,"minecraft:time_since_death":8823,"minecraft:total_world_time":8823,"minecraft:interact_with_crafting_table":3,"minecraft:fall_one_cm":4515,"minecraft:fly_one_cm":32714},"minecraft:picked_up":{"minecraft:stick":3,"minecraft:cooked_beef":4,"minecraft:apple":1,"minecraft:andesite":6,"minecraft:oak_log":12,"projectvibrantjourneys:orange_bark_mushroom":1,"minecraft:oak_sapling":2,"minecraft:cobblestone":5}},"DataVersion":3465}