{"stats":{"minecraft:used":{"create:deployer":9,"minecraft:poppy":1,"minecraft:chest":13,"minecraft:iron_sword":131,"minecraft:iron_chestplate":1,"create:white_sail":48,"create:cogwheel":17,"minecraft:furnace_minecart":1,"minecraft:azure_bluet":1,"minecraft:obsidian":9,"minecraft:birch_sapling":3,"minecraft:iron_helmet":1,"create:millstone":2,"create:shaft":4,"minecraft:oak_sapling":25,"minecraft:furnace":2,"create:mechanical_drill":30,"minecraft:oak_planks":40,"minecraft:stone_pickaxe":514,"minecraft:wooden_pickaxe":12,"minecraft:diamond_axe":318,"minecraft:large_amethyst_bud":5,"minecraft:glow_berries":92,"minecraft:blast_furnace":2,"minecraft:lever":2,"minecraft:bread":39,"minecraft:diamond_ore":1,"create:andesite_casing":4,"minecraft:gravel":102,"create:white_seat":2,"minecraft:fire_charge":1,"minecraft:diamond_sword":28,"create:basin":1,"minecraft:andesite":4,"minecraft:birch_log":13,"minecraft:oak_boat":1,"create:vertical_gearbox":2,"minecraft:bone_meal":12,"create:large_cogwheel":20,"minecraft:oak_trapdoor":2,"tacz:gun_smith_table":1,"minecraft:netherrack":167,"minecraft:torch":208,"minecraft:dirt":50,"create:mechanical_mixer":2,"create:mechanical_plough":1,"projectvibrantjourneys:fallen_leaves":1,"create:wrench":59,"minecraft:iron_boots":1,"create:cart_assembler":2,"minecraft:soul_soil":2,"minecraft:cooked_beef":73,"minecraft:cobbled_deepslate":15,"minecraft:cooked_mutton":2,"minecraft:water_bucket":14,"minecraft:green_bed":1,"create:blaze_burner":1,"create:furnace_minecart_contraption":8,"minecraft:mossy_cobblestone":1,"minecraft:rail":20,"create:encased_fan":1,"minecraft:crafting_table":4,"minecraft:white_bed":1,"minecraft:oak_log":25,"create:linear_chassis":44,"minecraft:diamond_pickaxe":1399,"minecraft:apple":1,"supplementaries:cage":36,"minecraft:diamond_shovel":140,"create:mechanical_press":2,"create:windmill_bearing":2,"minecraft:iron_pickaxe":329,"minecraft:cobblestone":112,"minecraft:cooked_porkchop":12,"minecraft:bucket":16,"create:hand_crank":5},"minecraft:dropped":{"sophisticatedbackpacks:iron_backpack":1,"minecraft:brown_mushroom":1,"minecraft:cooked_beef":9,"minecraft:oak_log":7,"minecraft:orange_tulip":16,"minecraft:glow_berries":1,"create:cogwheel":2,"minecraft:leather":8,"minecraft:rail":31,"projectvibrantjourneys:orange_bark_mushroom":3,"alexsmobs:bison_fur":1,"minecraft:dirt":15,"minecraft:cornflower":25,"projectvibrantjourneys:fallen_leaves":1,"minecraft:iron_pickaxe":2,"alexsmobs:raccoon_tail":1,"projectvibrantjourneys:bark_mushroom":2,"minecraft:gold_ingot":15,"minecraft:bone":6,"minecraft:white_tulip":5,"minecraft:crimson_fungus":1,"minecraft:cobbled_deepslate":6,"minecraft:wheat":138,"minecraft:rotten_flesh":8,"minecraft:oak_planks":1,"psg:raw_potassium":12,"minecraft:azure_bluet":5,"minecraft:poppy":3,"projectvibrantjourneys:light_brown_bark_mushroom":2,"supplementaries:flax_seeds":2,"minecraft:gunpowder":1,"minecraft:skeleton_skull":1,"create:wrench":1,"create:brass_ingot":21,"create:wheat_flour":73,"minecraft:arrow":3,"minecraft:iron_bars":14,"minecraft:quartz":7,"minecraft:netherrack":52,"tacz:attachment":13,"minecraft:water_bucket":1,"minecraft:iron_ingot":19,"minecraft:bread":10,"minecraft:oak_slab":1,"minecraft:wheat_seeds":18,"minecraft:mossy_cobblestone":5,"minecraft:lead":5,"minecraft:copper_ingot":21,"minecraft:stick":1,"minecraft:oxeye_daisy":16,"create:andesite_casing":8,"tacz:ammo_box":3,"create:blaze_burner":1,"minecraft:rose_bush":26,"tacz:modern_kinetic_gun":3,"create:mechanical_drill":12,"minecraft:string":25,"minecraft:dandelion":19,"minecraft:stone_sword":1,"minecraft:iron_boots":1,"artifacts:golden_hook":1,"pointblank:gunmetal_nugget":34,"supplementaries:cage":4,"minecraft:allium":10,"create:zinc_ingot":20,"minecraft:diamond_pickaxe":1,"minecraft:iron_chestplate":1,"create:hand_crank":1,"minecraft:spider_eye":1,"minecraft:diamond_boots":1,"minecraft:slime_ball":1,"minecraft:wooden_pickaxe":1,"minecraft:red_tulip":16,"minecraft:magma_block":50,"create:empty_blaze_burner":2},"minecraft:crafted":{"minecraft:smooth_stone":3,"minecraft:oak_planks":292,"minecraft:stone":3,"minecraft:lever":1,"minecraft:diamond_shovel":2,"create:deployer":2,"minecraft:cooked_mutton":2,"create:vertical_gearbox":1,"minecraft:iron_boots":1,"minecraft:raw_copper":144,"create:cart_assembler":1,"create:mechanical_press":1,"minecraft:chest":13,"minecraft:copper_block":13,"create:cogwheel":25,"create:brass_hand":2,"minecraft:raw_iron_block":13,"minecraft:oak_slab":36,"create:rose_quartz":2,"minecraft:cooked_porkchop":12,"minecraft:diamond_axe":1,"minecraft:crafting_table":2,"tacz:ammo_box":7,"minecraft:wooden_pickaxe":1,"minecraft:iron_helmet":1,"minecraft:raw_gold_block":3,"supplementaries:cage":9,"minecraft:copper_ingot":369,"create:sand_paper":1,"minecraft:gold_block":15,"create:mechanical_mixer":1,"create:gearbox":1,"create:encased_fan":1,"minecraft:iron_chestplate":2,"minecraft:diamond_pickaxe":1,"create:super_glue":1,"minecraft:stick":64,"minecraft:iron_ingot":296,"minecraft:iron_pickaxe":3,"minecraft:iron_block":15,"minecraft:stone_sword":1,"minecraft:gold_ingot":105,"create:large_cogwheel":8,"create:propeller":1,"create:empty_blaze_burner":4,"minecraft:redstone":18,"minecraft:raw_iron":72,"create:wrench":1,"minecraft:iron_nugget":225,"create:white_sail":16,"psg:sulphur_sack":10,"minecraft:blast_furnace":1,"minecraft:bone_meal":12,"minecraft:raw_copper_block":29,"minecraft:oak_trapdoor":2,"minecraft:slime_ball":2,"create:millstone":1,"minecraft:stone_pickaxe":4,"minecraft:redstone_block":18,"create:basin":1,"create:electron_tube":2,"create:windmill_bearing":2,"minecraft:wheat":72,"minecraft:cooked_beef":43,"minecraft:coal_block":11,"create:andesite_alloy":116,"create:hand_crank":1,"minecraft:diamond_sword":1,"minecraft:iron_sword":1,"better_mob_food:cooked_flesh":6,"tacz:gun_smith_table":1,"minecraft:bucket":2,"minecraft:air":0,"create:raw_zinc_block":14,"minecraft:oak_boat":1,"create:whisk":1,"minecraft:raw_gold":9,"create:linear_chassis":33,"create:raw_zinc":36,"minecraft:iron_leggings":2,"create:mechanical_drill":12,"create:shaft":32,"minecraft:torch":96,"create:zinc_ingot":20},"minecraft:mined":{"minecraft:large_amethyst_bud":5,"create:deepslate_zinc_ore":75,"minecraft:white_bed":1,"minecraft:oak_sapling":1,"create:andesite_casing":16,"minecraft:brewing_stand":1,"minecraft:obsidian":9,"minecraft:grass_block":12,"minecraft:soul_soil":11,"minecraft:smooth_stone":8,"minecraft:magma_block":55,"minecraft:glowstone":13,"minecraft:iron_ore":103,"minecraft:cobbled_deepslate":2,"minecraft:fire":30,"minecraft:deepslate_lapis_ore":3,"minecraft:azure_bluet":2,"minecraft:red_tulip":16,"minecraft:cave_vines":6,"minecraft:iron_bars":18,"minecraft:green_bed":1,"minecraft:deepslate_redstone_ore":32,"create:cogwheel":4,"minecraft:crimson_nylium":6,"minecraft:torch":118,"minecraft:blast_furnace":1,"minecraft:poppy":2,"minecraft:nether_quartz_ore":18,"minecraft:cobblestone":95,"minecraft:oak_planks":40,"minecraft:wall_torch":13,"minecraft:seagrass":1,"minecraft:birch_log":13,"create:mechanical_mixer":1,"projectvibrantjourneys:bones":1,"minecraft:orange_tulip":16,"minecraft:grass":14,"minecraft:oak_log":74,"projectvibrantjourneys:short_grass":6,"create:hand_crank":4,"minecraft:sand":1,"minecraft:dirt":44,"minecraft:smooth_basalt":26,"minecraft:netherrack":632,"minecraft:oak_leaves":9,"minecraft:deepslate":18,"psg:nether_sulphur_ore":1,"create:zinc_ore":54,"minecraft:diamond_ore":3,"minecraft:mossy_cobblestone":6,"minecraft:deepslate_diamond_ore":13,"projectvibrantjourneys:rocks":6,"psg:sulphur_ore":11,"minecraft:allium":5,"create:large_cogwheel":1,"minecraft:large_fern":4,"minecraft:redstone_ore":1,"create:shaft":2,"minecraft:furnace":3,"create:white_sail":32,"minecraft:andesite":158,"minecraft:deepslate_iron_ore":32,"minecraft:vine":6,"minecraft:rail":18,"projectvibrantjourneys:seashells":1,"minecraft:stone":485,"minecraft:white_tulip":5,"create:white_seat":2,"psg:potassium_ore":6,"minecraft:basalt":18,"minecraft:dandelion":7,"psg:deepslate_sulphur_ore":6,"minecraft:crafting_table":2,"minecraft:cornflower":1,"minecraft:rose_bush":13,"minecraft:sculk_sensor":1,"minecraft:tall_grass":22,"minecraft:copper_ore":76,"minecraft:deepslate_coal_ore":1,"minecraft:lapis_ore":6,"minecraft:deepslate_gold_ore":18,"supplementaries:cage":12,"minecraft:air":1,"supplementaries:urn":18,"minecraft:birch_leaves":1,"create:mechanical_drill":6,"minecraft:coal_ore":87,"minecraft:gravel":190,"minecraft:cobweb":23,"minecraft:gold_ore":8},"minecraft:broken":{"minecraft:iron_boots":1,"minecraft:stone_pickaxe":4,"minecraft:iron_helmet":1},"minecraft:custom":{"minecraft:interact_with_crafting_table":116,"minecraft:open_barrel":59,"goblintraders:trade_with_goblin":154,"minecraft:leave_game":13,"minecraft:time_since_death":14168,"minecraft:sprint_one_cm":1195789,"minecraft:drop":259,"minecraft:talked_to_villager":3,"minecraft:play_time":719693,"minecraft:deaths":9,"minecraft:jump":8208,"minecraft:walk_on_water_one_cm":77795,"minecraft:interact_with_furnace":84,"minecraft:sleep_in_bed":13,"minecraft:damage_dealt":10718,"minecraft:crouch_one_cm":45013,"minecraft:mob_kills":114,"minecraft:damage_dealt_resisted":2950,"minecraft:climb_one_cm":3162,"minecraft:walk_one_cm":1373936,"minecraft:damage_dealt_absorbed":241,"minecraft:sneak_time":22631,"minecraft:walk_under_water_one_cm":42810,"minecraft:boat_one_cm":4165,"minecraft:interact_with_blast_furnace":35,"minecraft:total_world_time":719693,"minecraft:time_since_rest":14198,"minecraft:damage_taken":11120,"minecraft:swim_one_cm":93633,"minecraft:fly_one_cm":1254977,"minecraft:open_chest":357,"minecraft:fall_one_cm":279484},"minecraft:killed":{"minecraft:zombified_piglin":5,"minecraft:spider":5,"minecraft:skeleton":8,"minecraft:silverfish":1,"artifacts:mimic":4,"minecraft:piglin":3,"minecraft:pig":12,"minecraft:zombie_villager":1,"minecraft:iron_golem":1,"mutantmonsters:mutant_skeleton":1,"minecraft:creeper":4,"alexsmobs:crimson_mosquito":2,"minecraft:sheep":4,"minecraft:trader_llama":1,"minecraft:zombie":17,"minecraft:ghast":2,"minecraft:cow":10,"minecraft:phantom":6,"alexsmobs:bison":4,"minecraft:drowned":6,"minecraft:wither_skeleton":1,"minecraft:enderman":1},"minecraft:picked_up":{"minecraft:iron_chestplate":3,"minecraft:wheat":1,"minecraft:lead":8,"minecraft:diamond_sword":4,"create:wrench":4,"create:furnace_minecart_contraption":3,"minecraft:string":33,"minecraft:soul_soil":11,"minecraft:raw_copper":268,"minecraft:iron_leggings":4,"minecraft:smooth_stone":8,"minecraft:gold_nugget":9,"minecraft:cobbled_deepslate":22,"minecraft:white_tulip":5,"minecraft:rose_bush":26,"minecraft:iron_pickaxe":3,"alexsmobs:raccoon_tail":1,"minecraft:iron_boots":4,"minecraft:furnace":3,"minecraft:stick":47,"create:mechanical_mixer":1,"create:dough":16,"minecraft:torch":248,"minecraft:green_bed":1,"create:andesite_casing":16,"minecraft:porkchop":21,"psg:sulphur":103,"tacz:attachment":17,"create:large_cogwheel":2,"minecraft:rotten_flesh":18,"minecraft:red_tulip":16,"supplementaries:ash":32,"minecraft:obsidian":9,"minecraft:iron_bars":22,"minecraft:cobblestone":724,"minecraft:birch_log":13,"minecraft:furnace_minecart":1,"minecraft:magma_block":50,"minecraft:cooked_beef":15,"minecraft:water_bucket":4,"minecraft:andesite":192,"projectvibrantjourneys:fallen_leaves":2,"artifacts:thorn_pendant":4,"alexsmobs:bison_fur":1,"minecraft:flint":19,"create:raw_zinc":130,"supplementaries:flax_seeds":2,"minecraft:lapis_lazuli":55,"minecraft:dirt":94,"create:mechanical_plough":1,"tacz:ammo_box":9,"minecraft:bone":15,"minecraft:wheat_seeds":16,"minecraft:orange_tulip":16,"minecraft:raw_gold":33,"create:mechanical_drill":18,"minecraft:grindstone":1,"create:shaft":8,"minecraft:glowstone_dust":30,"minecraft:oak_planks":131,"psg:raw_potassium":26,"create:cogwheel":4,"minecraft:sand":1,"sophisticatedbackpacks:iron_backpack":1,"minecraft:mossy_cobblestone":8,"artifacts:golden_hook":1,"minecraft:diamond":24,"artifacts:crystal_heart":5,"minecraft:lever":1,"minecraft:bread":365,"minecraft:oak_sapling":21,"minecraft:netherrack":1426,"create:white_sail":32,"minecraft:diamond_pickaxe":6,"minecraft:crafting_table":2,"minecraft:allium":5,"minecraft:azure_bluet":11,"minecraft:brown_mushroom":1,"minecraft:cornflower":25,"minecraft:flint_and_steel":2,"artifacts:feral_claws":5,"tacz:ammo":2280,"minecraft:beef":47,"minecraft:oak_boat":1,"create:white_seat":2,"minecraft:iron_nugget":8,"minecraft:poppy":4,"supplementaries:cage":12,"minecraft:birch_sapling":3,"minecraft:raw_iron":159,"create:golden_sheet":3,"minecraft:copper_ingot":1,"projectvibrantjourneys:bark_mushroom":2,"sophisticatedbackpacks:backpack":5,"minecraft:fire_charge":2,"pointblank:gunmetal_nugget":34,"create:hand_crank":4,"minecraft:redstone":163,"create:vertical_gearbox":1,"minecraft:arrow":4,"minecraft:diamond_boots":1,"minecraft:glistering_melon_slice":4,"minecraft:gold_ingot":18,"minecraft:glow_berries":1,"minecraft:mutton":8,"minecraft:rail":89,"minecraft:skeleton_skull":1,"minecraft:white_wool":4,"minecraft:oxeye_daisy":16,"create:iron_sheet":28,"create:brass_sheet":8,"minecraft:basalt":18,"minecraft:leather":9,"minecraft:crimson_fungus":1,"minecraft:oak_log":163,"create:andesite_alloy":24,"minecraft:gunpowder":8,"minecraft:apple":3,"minecraft:iron_ingot":75,"projectvibrantjourneys:light_brown_bark_mushroom":2,"minecraft:smooth_basalt":25,"minecraft:quartz":33,"minecraft:dandelion":29,"minecraft:gravel":747,"minecraft:blast_furnace":1,"minecraft:white_bed":1,"minecraft:spider_eye":1,"create:wheat_flour":57,"minecraft:diamond_shovel":2,"minecraft:slime_ball":2,"create:brass_ingot":13,"tacz:modern_kinetic_gun":7,"minecraft:iron_helmet":5,"minecraft:diamond_axe":4,"projectvibrantjourneys:orange_bark_mushroom":3,"minecraft:coal":276,"minecraft:ender_pearl":2}},"DataVersion":3465}