{"stats":{"minecraft:used":{"minecraft:chest":4,"minecraft:iron_sword":131,"minecraft:iron_chestplate":1,"minecraft:torch":97,"minecraft:dirt":4,"minecraft:iron_helmet":1,"minecraft:oak_sapling":15,"minecraft:cooked_beef":17,"minecraft:cobbled_deepslate":15,"minecraft:water_bucket":4,"minecraft:stone_pickaxe":514,"minecraft:wooden_pickaxe":12,"minecraft:diamond_axe":122,"minecraft:green_bed":1,"minecraft:large_amethyst_bud":5,"minecraft:glow_berries":92,"minecraft:mossy_cobblestone":1,"minecraft:crafting_table":3,"minecraft:oak_log":4,"minecraft:diamond_pickaxe":423,"supplementaries:cage":7,"minecraft:iron_pickaxe":318,"minecraft:diamond_ore":1,"minecraft:gravel":49,"minecraft:cobblestone":109,"minecraft:andesite":4,"minecraft:bucket":5},"minecraft:dropped":{"minecraft:wheat_seeds":1,"minecraft:oak_log":2,"minecraft:mossy_cobblestone":5,"minecraft:glow_berries":1,"minecraft:leather":4,"projectvibrantjourneys:orange_bark_mushroom":1,"alexsmobs:bison_fur":1,"minecraft:stick":1,"minecraft:iron_pickaxe":2,"minecraft:string":25,"projectvibrantjourneys:bark_mushroom":2,"minecraft:stone_sword":1,"minecraft:cobbled_deepslate":3,"minecraft:rotten_flesh":2,"minecraft:oak_planks":1,"minecraft:iron_boots":1,"artifacts:golden_hook":1,"psg:raw_potassium":12,"supplementaries:cage":1,"pointblank:gunmetal_nugget":8,"supplementaries:flax_seeds":2,"projectvibrantjourneys:light_brown_bark_mushroom":2,"minecraft:skeleton_skull":1,"minecraft:iron_chestplate":1,"minecraft:slime_ball":1,"minecraft:iron_bars":14,"minecraft:wooden_pickaxe":1},"minecraft:crafted":{"minecraft:oak_planks":72,"minecraft:raw_iron":9,"psg:sulphur_sack":10,"minecraft:raw_copper_block":29,"minecraft:raw_copper":18,"minecraft:stone_pickaxe":4,"minecraft:chest":4,"minecraft:copper_block":13,"minecraft:redstone_block":18,"minecraft:raw_iron_block":13,"minecraft:cooked_beef":31,"minecraft:oak_slab":24,"minecraft:diamond_sword":1,"minecraft:diamond_axe":1,"minecraft:crafting_table":2,"minecraft:wooden_pickaxe":1,"minecraft:iron_helmet":1,"minecraft:iron_sword":1,"minecraft:raw_gold_block":3,"supplementaries:cage":4,"minecraft:copper_ingot":120,"minecraft:gold_block":15,"minecraft:bucket":1,"minecraft:air":0,"create:raw_zinc_block":14,"minecraft:iron_chestplate":1,"minecraft:stick":40,"minecraft:iron_ingot":101,"minecraft:iron_pickaxe":3,"minecraft:stone_sword":1,"minecraft:iron_block":6,"minecraft:iron_leggings":1,"minecraft:gold_ingot":90,"minecraft:torch":96},"minecraft:mined":{"create:zinc_ore":54,"minecraft:large_amethyst_bud":5,"minecraft:diamond_ore":3,"create:deepslate_zinc_ore":75,"minecraft:mossy_cobblestone":6,"minecraft:deepslate_diamond_ore":12,"projectvibrantjourneys:rocks":4,"psg:sulphur_ore":11,"minecraft:redstone_ore":1,"minecraft:iron_ore":103,"minecraft:fire":1,"minecraft:cobbled_deepslate":2,"minecraft:andesite":158,"minecraft:deepslate_lapis_ore":3,"minecraft:vine":6,"minecraft:cave_vines":6,"minecraft:deepslate_iron_ore":32,"minecraft:iron_bars":18,"minecraft:stone":420,"minecraft:green_bed":1,"minecraft:deepslate_redstone_ore":32,"psg:potassium_ore":6,"psg:deepslate_sulphur_ore":6,"minecraft:crafting_table":2,"minecraft:torch":21,"minecraft:sculk_sensor":1,"minecraft:tall_grass":5,"minecraft:copper_ore":76,"minecraft:cobblestone":44,"minecraft:deepslate_coal_ore":1,"minecraft:lapis_ore":6,"minecraft:deepslate_gold_ore":18,"minecraft:oak_planks":6,"minecraft:wall_torch":7,"supplementaries:cage":2,"minecraft:air":1,"supplementaries:urn":15,"minecraft:grass":1,"minecraft:coal_ore":85,"minecraft:oak_log":62,"projectvibrantjourneys:short_grass":3,"minecraft:dirt":16,"minecraft:gravel":58,"minecraft:cobweb":23,"minecraft:gold_ore":8,"minecraft:oak_leaves":9,"minecraft:deepslate":18},"minecraft:broken":{"minecraft:iron_boots":1,"minecraft:stone_pickaxe":4},"minecraft:custom":{"minecraft:mob_kills":38,"minecraft:interact_with_crafting_table":38,"minecraft:open_barrel":58,"goblintraders:trade_with_goblin":123,"minecraft:damage_dealt_resisted":90,"minecraft:leave_game":2,"minecraft:time_since_death":206823,"minecraft:climb_one_cm":518,"minecraft:sprint_one_cm":354432,"minecraft:walk_one_cm":379127,"minecraft:drop":54,"minecraft:damage_dealt_absorbed":80,"minecraft:play_time":206823,"minecraft:sneak_time":6218,"minecraft:walk_under_water_one_cm":6505,"minecraft:jump":2526,"minecraft:walk_on_water_one_cm":25616,"minecraft:total_world_time":206823,"minecraft:interact_with_furnace":22,"minecraft:sleep_in_bed":3,"minecraft:time_since_rest":11804,"minecraft:damage_taken":1392,"minecraft:damage_dealt":7683,"minecraft:swim_one_cm":27211,"minecraft:fly_one_cm":330273,"minecraft:open_chest":72,"minecraft:crouch_one_cm":9636,"minecraft:fall_one_cm":35754},"minecraft:killed":{"minecraft:spider":1,"minecraft:phantom":1,"minecraft:skeleton":2,"minecraft:silverfish":1,"alexsmobs:bison":4,"artifacts:mimic":3,"minecraft:pig":7,"minecraft:sheep":3,"minecraft:zombie":10,"minecraft:cow":4},"minecraft:picked_up":{"minecraft:crafting_table":2,"minecraft:string":25,"minecraft:raw_copper":268,"artifacts:feral_claws":1,"minecraft:cobbled_deepslate":19,"minecraft:beef":35,"minecraft:iron_pickaxe":2,"supplementaries:cage":2,"minecraft:iron_boots":1,"minecraft:raw_iron":142,"minecraft:stick":14,"projectvibrantjourneys:bark_mushroom":2,"minecraft:torch":44,"minecraft:green_bed":1,"sophisticatedbackpacks:backpack":1,"minecraft:porkchop":10,"pointblank:gunmetal_nugget":8,"psg:sulphur":91,"minecraft:redstone":163,"minecraft:rotten_flesh":8,"supplementaries:ash":31,"minecraft:mutton":6,"minecraft:glow_berries":1,"minecraft:iron_bars":22,"minecraft:skeleton_skull":1,"minecraft:white_wool":3,"minecraft:cobblestone":448,"minecraft:cooked_beef":7,"minecraft:andesite":158,"minecraft:leather":4,"alexsmobs:bison_fur":1,"minecraft:flint":2,"minecraft:oak_log":62,"create:raw_zinc":130,"supplementaries:flax_seeds":2,"minecraft:gunpowder":1,"minecraft:dirt":16,"minecraft:lapis_lazuli":55,"minecraft:bone":7,"minecraft:apple":2,"minecraft:wheat_seeds":1,"minecraft:raw_gold":31,"minecraft:oak_planks":6,"projectvibrantjourneys:light_brown_bark_mushroom":2,"psg:raw_potassium":26,"minecraft:gravel":99,"minecraft:mossy_cobblestone":8,"minecraft:slime_ball":2,"minecraft:diamond":23,"artifacts:golden_hook":1,"artifacts:crystal_heart":1,"minecraft:bread":41,"minecraft:oak_sapling":15,"projectvibrantjourneys:orange_bark_mushroom":1,"minecraft:coal":86,"minecraft:ender_pearl":2}},"DataVersion":3465}