{"stats":{"minecraft:killed_by":{"minecraft:player":1,"hordes:zombie_player":1},"minecraft:custom":{"minecraft:interact_with_crafting_table":89,"minecraft:open_barrel":101,"goblintraders:trade_with_goblin":152,"minecraft:eat_cake_slice":23,"minecraft:leave_game":14,"minecraft:time_since_death":193380,"minecraft:sprint_one_cm":2152794,"minecraft:drop":483,"minecraft:play_time":895325,"minecraft:deaths":32,"minecraft:jump":10340,"minecraft:interact_with_brewingstand":2,"minecraft:walk_on_water_one_cm":209450,"minecraft:interact_with_furnace":36,"minecraft:sleep_in_bed":13,"minecraft:damage_dealt":42115,"minecraft:player_kills":1,"minecraft:crouch_one_cm":65141,"minecraft:interact_with_smoker":2,"minecraft:interact_with_anvil":1,"minecraft:mob_kills":181,"minecraft:damage_dealt_resisted":4918,"minecraft:climb_one_cm":193889,"minecraft:walk_one_cm":2403372,"minecraft:damage_dealt_absorbed":40,"minecraft:sneak_time":31816,"minecraft:walk_under_water_one_cm":193277,"minecraft:boat_one_cm":98028,"minecraft:interact_with_blast_furnace":20,"minecraft:total_world_time":895325,"minecraft:interact_with_stonecutter":2,"minecraft:time_since_rest":2151,"minecraft:damage_absorbed":80,"minecraft:damage_taken":22342,"minecraft:trigger_trapped_chest":5,"minecraft:minecart_one_cm":251590,"minecraft:swim_one_cm":416595,"minecraft:fly_one_cm":2361316,"minecraft:open_chest":485,"minecraft:fall_one_cm":269032},"minecraft:dropped":{"zombie_more:brain":1,"minecraft:iron_sword":11,"minecraft:moss_block":25,"minecraft:brown_mushroom":49,"minecraft:cooked_beef":24,"minecraft:oak_log":30,"minecraft:baked_potato":43,"minecraft:ender_pearl":1,"minecraft:diamond":2,"minecraft:crafting_table":2,"projectvibrantjourneys:sandy_sprouts":3,"pointblank:glock17":11,"artifacts:shock_pendant":2,"minecraft:jungle_planks":3,"minecraft:cracked_stone_bricks":1,"minecraft:sheaf_pottery_sherd":3,"artifacts:universal_attractor":1,"minecraft:rail":1,"projectvibrantjourneys:orange_bark_mushroom":1,"minecraft:red_mushroom":39,"artifacts:vampiric_glove":2,"sophisticatedbackpacks:gold_backpack":1,"minecraft:emerald":3,"artifacts:night_vision_goggles":4,"minecraft:dirt":48,"artifacts:thorn_pendant":3,"minecraft:raw_copper_block":6,"artifacts:superstitious_hat":1,"projectvibrantjourneys:fallen_leaves":6,"minecraft:chain":4,"minecraft:wooden_sword":3,"minecraft:sand":96,"minecraft:sugar":10,"minecraft:iron_pickaxe":2,"minecraft:white_wool":14,"projectvibrantjourneys:bark_mushroom":6,"minecraft:cyan_carpet":1,"minecraft:armor_stand":1,"minecraft:gold_ingot":47,"minecraft:bone":4,"minecraft:oak_door":2,"minecraft:blackstone":4,"mutantmonsters:hulk_hammer":1,"minecraft:lever":1,"minecraft:cobbled_deepslate":18,"minecraft:wheat":142,"minecraft:pointed_dripstone":5,"minecraft:rotten_flesh":45,"minecraft:oak_planks":128,"minecraft:carrot":33,"projectvibrantjourneys:light_brown_bark_mushroom":15,"supplementaries:ash":6,"minecraft:gunpowder":8,"artifacts:helium_flamingo":1,"zombie_more:acid_drool":9,"minecraft:azalea":1,"artifacts:panic_necklace":1,"minecraft:snort_pottery_sherd":3,"minecraft:spruce_slab":5,"minecraft:iron_bars":4,"minecraft:arrow":20,"minecraft:glass":17,"artifacts:scarf_of_invisibility":1,"minecraft:quartz":21,"minecraft:crimson_planks":3,"minecraft:water_bucket":1,"minecraft:enchanted_book":1,"minecraft:iron_ingot":71,"minecraft:bread":161,"minecraft:purple_terracotta":3,"minecraft:shelter_pottery_sherd":2,"minecraft:wheat_seeds":43,"minecraft:lilac":2,"minecraft:mossy_cobblestone":2,"minecraft:minecart":1,"minecraft:dripstone_block":1,"minecraft:poisonous_potato":1,"minecraft:iron_helmet":10,"minecraft:feather":2,"minecraft:cobblestone":16,"artifacts:whoopee_cushion":1,"pointblank:ammo9mm":574,"minecraft:coal":4,"minecraft:golden_apple":1,"minecraft:stick":13,"minecraft:cobweb":3,"artifacts:snorkel":1,"minecraft:torch":81,"minecraft:rose_bush":1,"minecraft:iron_leggings":10,"minecraft:brown_terracotta":3,"tacz:modern_kinetic_gun":1,"minecraft:iron_axe":6,"minecraft:angler_pottery_sherd":1,"minecraft:string":9,"minecraft:tripwire_hook":1,"minecraft:lily_pad":10,"minecraft:spruce_sapling":1,"minecraft:smooth_basalt":2,"minecraft:furnace":1,"minecraft:moss_carpet":6,"minecraft:coarse_dirt":21,"minecraft:chiseled_quartz_block":1,"minecraft:bowl":6,"minecraft:raw_copper":76,"minecraft:light_gray_terracotta":84,"artifacts:aqua_dashers":3,"minecraft:tuff":8,"minecraft:iron_boots":4,"artifacts:flame_pendant":2,"minecraft:glass_pane":14,"pointblank:gunmetal_nugget":50,"supplementaries:cage":1,"minecraft:big_dripleaf":2,"minecraft:potato":44,"minecraft:gray_terracotta":32,"minecraft:spruce_planks":6,"minecraft:iron_chestplate":5,"minecraft:andesite":6,"artifacts:steadfast_spikes":1,"minecraft:mossy_stone_bricks":1,"minecraft:oak_sapling":17,"minecraft:redstone_torch":1,"minecraft:stone_bricks":2,"minecraft:spider_eye":3,"tacz:ammo":360,"pointblank:workstation":3,"minecraft:bow":1,"minecraft:wooden_pickaxe":1,"minecraft:magma_block":13,"minecraft:cyan_bed":1,"create:golden_sheet":8},"minecraft:broken":{"minecraft:iron_shovel":1,"minecraft:iron_chestplate":1,"minecraft:iron_leggings":2,"minecraft:stone_pickaxe":1,"minecraft:stone_axe":1,"minecraft:iron_sword":2,"minecraft:iron_axe":1,"minecraft:iron_pickaxe":5,"minecraft:iron_helmet":1},"minecraft:mined":{"create:deepslate_zinc_ore":6,"minecraft:spruce_planks":6,"minecraft:white_bed":1,"create:andesite_casing":4,"minecraft:sculk_vein":18,"minecraft:jungle_leaves":7,"minecraft:brewing_stand":3,"minecraft:grass_block":138,"minecraft:coal_block":2,"minecraft:deepslate_bricks":3,"minecraft:spawner":26,"minecraft:light_blue_stained_glass":1,"minecraft:tall_seagrass":13,"minecraft:raw_iron_block":1,"minecraft:magma_block":16,"minecraft:sculk_catalyst":9,"minecraft:iron_ore":78,"minecraft:fire":20,"projectvibrantjourneys:bark_mushroom":1,"minecraft:moss_carpet":2,"minecraft:anvil":2,"minecraft:deepslate_lapis_ore":15,"minecraft:sculk_shrieker":2,"minecraft:cave_vines":3,"minecraft:dirt_path":1,"minecraft:iron_bars":23,"minecraft:azalea":1,"create:limestone":15,"minecraft:iron_block":10,"create:veridium":130,"minecraft:spruce_slab":4,"minecraft:deepslate_redstone_ore":11,"minecraft:gray_terracotta":10,"minecraft:quartz_block":295,"minecraft:blackstone":21,"minecraft:soul_fire":1,"minecraft:deepslate_tile_slab":1,"minecraft:blue_stained_glass":4,"minecraft:clay":3,"minecraft:torch":12,"minecraft:light_gray_terracotta":101,"minecraft:blast_furnace":5,"minecraft:poppy":1,"minecraft:chest":1,"minecraft:mushroom_stem":48,"minecraft:glass":2,"minecraft:cobblestone":136,"minecraft:cyan_bed":1,"minecraft:oak_planks":2,"minecraft:wall_torch":21,"minecraft:deepslate_copper_ore":14,"minecraft:seagrass":6,"minecraft:chain":2,"projectvibrantjourneys:light_brown_bark_mushroom":2,"minecraft:birch_log":2,"minecraft:lilac":2,"minecraft:tnt":1,"minecraft:grass":37,"minecraft:oak_log":173,"projectvibrantjourneys:short_grass":11,"minecraft:sand":51,"minecraft:dirt":98,"minecraft:crimson_planks":3,"minecraft:smooth_basalt":1,"minecraft:red_mushroom_block":156,"minecraft:oak_leaves":87,"minecraft:deepslate":72,"create:zinc_ore":19,"minecraft:emerald_block":3,"minecraft:redstone_lamp":1,"minecraft:light_blue_stained_glass_pane":4,"minecraft:diamond_ore":2,"minecraft:tuff":12,"minecraft:blue_stained_glass_pane":2,"minecraft:mossy_cobblestone":1,"minecraft:oak_door":4,"projectvibrantjourneys:rocks":4,"psg:sulphur_ore":27,"minecraft:lever":1,"minecraft:ladder":2,"minecraft:purple_terracotta":3,"minecraft:decorated_pot":1,"minecraft:jungle_planks":3,"psg:sulphur_sack":1,"minecraft:spruce_leaves":11,"minecraft:red_mushroom":2,"minecraft:moss_block":21,"minecraft:large_fern":1,"minecraft:hay_block":20,"minecraft:redstone_ore":33,"minecraft:carrots":4,"minecraft:furnace":2,"minecraft:andesite":180,"minecraft:diamond_block":2,"minecraft:gold_block":3,"minecraft:potatoes":32,"minecraft:deepslate_iron_ore":42,"minecraft:vine":48,"minecraft:rail":7,"minecraft:stone":203,"minecraft:acacia_leaves":3,"minecraft:flowering_azalea":1,"psg:potassium_ore":16,"psg:deepslate_sulphur_ore":2,"minecraft:crafting_table":12,"minecraft:rose_bush":1,"minecraft:sculk_sensor":3,"minecraft:campfire":1,"projectvibrantjourneys:mossy_rocks":2,"minecraft:copper_ore":41,"minecraft:tall_grass":15,"minecraft:deepslate_coal_ore":10,"minecraft:lapis_ore":5,"minecraft:deepslate_gold_ore":12,"minecraft:cracked_deepslate_bricks":1,"minecraft:sculk":122,"minecraft:big_dripleaf":1,"supplementaries:urn":8,"minecraft:gray_wool":1,"minecraft:coarse_dirt":22,"minecraft:redstone_torch":1,"minecraft:yellow_bed":3,"k_turrets:titanium_ore":3,"projectvibrantjourneys:sandy_sprouts":1,"minecraft:coal_ore":159,"minecraft:cyan_carpet":1,"minecraft:gravel":8,"minecraft:dripstone_block":9,"pointblank:workstation":1,"minecraft:gray_carpet":1,"minecraft:cobweb":16,"minecraft:brown_terracotta":2,"minecraft:cracked_stone_bricks":21,"minecraft:stone_bricks":152,"minecraft:mossy_stone_bricks":16,"pointblank:printer":2},"minecraft:crafted":{"minecraft:oak_planks":260,"psg:sulphur":9,"minecraft:stone":3,"minecraft:glass":23,"minecraft:iron_boots":1,"minecraft:raw_copper":18,"create:mechanical_press":1,"psg:potassium":31,"minecraft:chest":3,"minecraft:oak_button":3,"create:cogwheel":1,"minecraft:raw_iron_block":14,"pointblank:printer":1,"minecraft:oak_slab":6,"pointblank:gunmetal_mesh":55,"minecraft:emerald":27,"minecraft:crafting_table":1,"psg:saltpetre":12,"minecraft:wooden_pickaxe":2,"minecraft:baked_potato":73,"minecraft:copper_ingot":240,"minecraft:birch_planks":8,"minecraft:iron_chestplate":1,"minecraft:diamond_pickaxe":1,"minecraft:stick":84,"minecraft:iron_ingot":77,"minecraft:iron_pickaxe":4,"minecraft:iron_block":2,"minecraft:gold_ingot":6,"minecraft:oak_door":3,"pointblank:guninternals":8,"minecraft:raw_iron":63,"minecraft:coal":18,"create:wrench":1,"minecraft:iron_nugget":91,"psg:sulphur_sack":1,"minecraft:furnace":1,"minecraft:bone_meal":9,"minecraft:raw_copper_block":9,"minecraft:glass_pane":16,"minecraft:flint_and_steel":1,"minecraft:diamond":18,"minecraft:iron_hoe":1,"minecraft:stone_pickaxe":2,"minecraft:wheat":180,"create:andesite_alloy":41,"create:hand_crank":1,"minecraft:diamond_sword":1,"pointblank:gunmetal_ingot":72,"pointblank:processor":1,"minecraft:iron_sword":3,"minecraft:bowl":4,"better_mob_food:cooked_flesh":13,"minecraft:bucket":1,"minecraft:stone_axe":2,"minecraft:bread":60,"minecraft:air":0,"minecraft:gunpowder":60,"minecraft:iron_shovel":1,"minecraft:stonecutter":1,"create:shaft":8,"minecraft:torch":216},"minecraft:killed":{"zombie_more:cursed_zombie":4,"zombie_more:tank_zombie":1,"minecraft:witch":2,"minecraft:spider":4,"minecraft:zombie_horse":2,"minecraft:skeleton":20,"minecraft:guardian":1,"artifacts:mimic":13,"zombie_more:boomer_zombie":2,"minecraft:zombie_villager":1,"minecraft:iron_golem":1,"hordes:drowned_player":4,"minecraft:zombie":36,"zombie_more:explosive_zombie":1,"alexsmobs:fly":1,"minecraft:blaze":2,"hordes:zombie_player":28,"minecraft:vindicator":9,"minecraft:phantom":7,"minecraft:drowned":2,"minecraft:husk":27,"zombie_more:crawler_zombie":3,"mutantmonsters:mutant_zombie":1,"minecraft:enderman":1},"minecraft:used":{"minecraft:moss_block":1,"minecraft:beetroot":4,"minecraft:iron_shovel":266,"minecraft:chest":3,"minecraft:ladder":3,"minecraft:iron_sword":957,"minecraft:rotten_flesh":38,"minecraft:iron_chestplate":1,"minecraft:carrot":138,"minecraft:furnace_minecart":2,"minecraft:big_dripleaf":1,"minecraft:milk_bucket":1,"minecraft:quartz_block":337,"pointblank:workstation":1,"minecraft:oak_sapling":1,"mutantmonsters:hulk_hammer":1,"minecraft:furnace":3,"minecraft:egg":3,"minecraft:potato":102,"minecraft:stone_pickaxe":156,"minecraft:gray_carpet":1,"minecraft:oak_planks":24,"minecraft:wooden_pickaxe":26,"psg:sulphur_sack":1,"minecraft:golden_apple":4,"minecraft:glow_berries":8,"minecraft:mushroom_stew":7,"minecraft:blast_furnace":3,"minecraft:redstone_torch":1,"minecraft:cyan_carpet":1,"minecraft:bread":133,"minecraft:iron_door":1,"minecraft:gravel":7,"ecologics:coconut_slice":2,"minecraft:wooden_sword":12,"minecraft:diamond_sword":50,"minecraft:coarse_dirt":2,"minecraft:iron_bars":6,"minecraft:flint_and_steel":4,"minecraft:armor_stand":1,"minecraft:cooked_salmon":6,"minecraft:oak_door":5,"minecraft:brewing_stand":1,"minecraft:torch":215,"minecraft:dirt":122,"minecraft:anvil":1,"minecraft:iron_hoe":1,"minecraft:wooden_axe":19,"create:wrench":5,"minecraft:iron_axe":311,"create:cart_assembler":1,"better_mob_food:cooked_flesh":20,"minecraft:minecart":16,"minecraft:cooked_beef":32,"minecraft:pointed_dripstone":2,"minecraft:iron_leggings":1,"minecraft:water_bucket":91,"minecraft:baked_potato":100,"pointblank:printer":3,"minecraft:stonecutter":1,"create:furnace_minecart_contraption":3,"minecraft:mossy_cobblestone":1,"minecraft:rail":4,"minecraft:oak_slab":6,"minecraft:crafting_table":9,"minecraft:white_bed":1,"minecraft:mangrove_sign":1,"minecraft:dark_oak_door":1,"minecraft:cake":3,"minecraft:gray_terracotta":9,"minecraft:oak_log":23,"minecraft:diamond_pickaxe":236,"minecraft:apple":20,"create:mechanical_press":1,"minecraft:oak_button":7,"minecraft:iron_pickaxe":1493,"minecraft:stone_axe":193,"minecraft:cobblestone":170,"minecraft:bucket":91,"minecraft:pumpkin_pie":9,"minecraft:yellow_bed":2,"create:hand_crank":1},"minecraft:picked_up":{"minecraft:wooden_axe":2,"minecraft:iron_chestplate":16,"minecraft:birch_door":3,"minecraft:wheat":194,"minecraft:anvil":3,"create:wrench":1,"minecraft:enchanted_book":3,"minecraft:potion":9,"minecraft:crimson_planks":6,"minecraft:brewing_stand":4,"minecraft:string":29,"minecraft:raw_copper":411,"create:limestone":15,"minecraft:cooked_salmon":6,"zombie_more:acid_drool":8,"minecraft:iron_leggings":23,"minecraft:armor_stand":2,"create:cart_assembler":1,"create:mechanical_press":2,"minecraft:cobbled_deepslate":40,"minecraft:bucket":4,"minecraft:spruce_planks":12,"artifacts:aqua_dashers":3,"minecraft:rose_bush":1,"minecraft:redstone_torch":2,"minecraft:azalea":1,"minecraft:iron_pickaxe":11,"minecraft:coal_block":4,"pointblank:workstation":5,"minecraft:iron_boots":4,"minecraft:furnace":3,"minecraft:dark_oak_door":1,"artifacts:universal_attractor":1,"minecraft:stick":75,"pointblank:gunmetal_ingot":12,"minecraft:sheaf_pottery_sherd":3,"minecraft:big_dripleaf":3,"minecraft:brown_terracotta":3,"minecraft:torch":364,"create:andesite_casing":7,"effortlessbuilding:muscles":3,"psg:sulphur":144,"minecraft:pointed_dripstone":7,"mutantmonsters:hulk_hammer":1,"minecraft:quartz_block":331,"minecraft:rotten_flesh":116,"minecraft:iron_block":10,"create:veridium":231,"supplementaries:ash":9,"artifacts:panic_necklace":1,"minecraft:blaze_rod":2,"minecraft:iron_bars":25,"minecraft:cobblestone":929,"minecraft:birch_log":2,"minecraft:furnace_minecart":4,"minecraft:magma_block":16,"minecraft:feather":2,"minecraft:lilac":2,"minecraft:cooked_beef":24,"minecraft:water_bucket":10,"minecraft:iron_door":1,"minecraft:andesite":219,"projectvibrantjourneys:fallen_leaves":6,"minecraft:chiseled_quartz_block":1,"artifacts:thorn_pendant":4,"minecraft:potato":225,"minecraft:flint":1,"minecraft:tuff":8,"create:raw_zinc":38,"artifacts:flame_pendant":6,"minecraft:lapis_lazuli":165,"minecraft:dirt":283,"zombie_more:crawler_gut":1,"zombie_more:brain":1,"artifacts:shock_pendant":2,"tacz:ammo_box":1,"minecraft:glass":17,"minecraft:bone":60,"minecraft:gray_terracotta":43,"minecraft:bow":3,"minecraft:wheat_seeds":53,"minecraft:raw_gold":15,"better_mob_food:cooked_flesh":7,"create:shaft":6,"minecraft:mossy_stone_bricks":7,"minecraft:powered_rail":15,"minecraft:moss_block":23,"create:super_glue":2,"minecraft:oak_planks":256,"psg:raw_potassium":48,"minecraft:poisonous_potato":1,"minecraft:sand":123,"minecraft:jungle_planks":6,"minecraft:cyan_bed":1,"minecraft:diamond_block":2,"minecraft:mossy_cobblestone":4,"minecraft:light_gray_terracotta":118,"minecraft:sugar":45,"minecraft:diamond":6,"minecraft:angler_pottery_sherd":1,"minecraft:lever":1,"minecraft:golden_apple":1,"minecraft:emerald":11,"minecraft:bread":347,"minecraft:oak_sapling":35,"minecraft:charcoal":2,"minecraft:shelter_pottery_sherd":2,"sophisticatedbackpacks:gold_backpack":1,"minecraft:crafting_table":30,"minecraft:coarse_dirt":24,"artifacts:night_vision_goggles":11,"minecraft:ladder":6,"minecraft:chest_minecart":2,"minecraft:brown_mushroom":49,"minecraft:gold_block":5,"minecraft:chain":6,"minecraft:moss_carpet":6,"minecraft:iron_axe":15,"minecraft:wooden_sword":3,"tacz:ammo":780,"minecraft:iron_shovel":6,"minecraft:cyan_carpet":2,"artifacts:fire_gauntlet":1,"minecraft:blackstone":4,"minecraft:cracked_stone_bricks":21,"pointblank:ammo9mm":509,"minecraft:oak_boat":1,"projectvibrantjourneys:sandy_sprouts":3,"minecraft:iron_nugget":21,"minecraft:spruce_slab":10,"minecraft:minecart":24,"supplementaries:cage":1,"minecraft:chest":1,"minecraft:egg":3,"minecraft:raw_copper_block":6,"minecraft:raw_iron":134,"minecraft:oak_door":5,"ecologics:coconut_slice":2,"create:golden_sheet":21,"minecraft:copper_ingot":57,"projectvibrantjourneys:bark_mushroom":12,"minecraft:bowl":4,"psg:sulphur_sack":1,"artifacts:vampiric_glove":2,"pointblank:gunmetal_nugget":455,"create:hand_crank":2,"minecraft:mangrove_sign":3,"minecraft:carrot":170,"minecraft:redstone":252,"minecraft:purple_terracotta":6,"artifacts:snorkel":1,"minecraft:arrow":41,"k_turrets:raw_titanium":3,"minecraft:hay_block":20,"artifacts:running_shoes":1,"minecraft:gold_ingot":86,"artifacts:pocket_piston":4,"minecraft:glow_berries":5,"minecraft:white_wool":7,"minecraft:rail":23,"create:iron_sheet":2,"minecraft:air":0,"artifacts:digging_claws":1,"minecraft:red_mushroom":39,"minecraft:mushroom_stew":8,"create:andesite_alloy":34,"minecraft:oak_log":249,"minecraft:lily_pad":19,"artifacts:superstitious_hat":1,"artifacts:cloud_in_a_bottle":1,"minecraft:yellow_bed":3,"minecraft:gunpowder":78,"minecraft:cobblestone_stairs":1,"minecraft:gray_carpet":1,"minecraft:apple":1,"minecraft:stone_bricks":130,"minecraft:kelp":64,"minecraft:iron_ingot":123,"artifacts:whoopee_cushion":1,"minecraft:stone_pickaxe":2,"minecraft:cobweb":3,"artifacts:steadfast_spikes":5,"minecraft:iron_sword":20,"projectvibrantjourneys:light_brown_bark_mushroom":21,"minecraft:smooth_basalt":2,"minecraft:emerald_block":3,"pointblank:glock17":12,"minecraft:quartz":21,"minecraft:raw_iron_block":1,"minecraft:dripstone_block":1,"minecraft:gravel":30,"minecraft:amethyst_shard":7,"minecraft:blast_furnace":7,"minecraft:spruce_sapling":1,"minecraft:white_bed":1,"artifacts:scarf_of_invisibility":1,"pointblank:printer":3,"minecraft:spider_eye":6,"artifacts:helium_flamingo":1,"minecraft:snort_pottery_sherd":3,"tacz:modern_kinetic_gun":2,"minecraft:iron_helmet":20,"minecraft:oak_button":5,"minecraft:baked_potato":111,"projectvibrantjourneys:orange_bark_mushroom":1,"minecraft:coal":472,"minecraft:ender_pearl":2}},"DataVersion":3465}