{"stats":{"minecraft:dropped":{"projectvibrantjourneys:orange_bark_mushroom":1},"minecraft:used":{"minecraft:stone_pickaxe":317,"minecraft:chest":1,"minecraft:wooden_pickaxe":12,"minecraft:torch":4,"minecraft:dirt":4,"minecraft:cobblestone":8,"minecraft:crafting_table":1,"minecraft:oak_sapling":2,"minecraft:andesite":4,"minecraft:cooked_beef":5},"minecraft:crafted":{"minecraft:cooked_beef":4,"minecraft:oak_planks":24,"minecraft:crafting_table":1,"minecraft:stick":16,"minecraft:wooden_pickaxe":1,"minecraft:stone_pickaxe":4,"minecraft:stone_sword":1,"minecraft:chest":1,"minecraft:torch":32},"minecraft:mined":{"minecraft:andesite":41,"minecraft:coal_ore":32,"minecraft:oak_log":12,"minecraft:gravel":51,"minecraft:dirt":16,"minecraft:copper_ore":34,"minecraft:cobblestone":2,"minecraft:stone":194,"minecraft:oak_leaves":2,"minecraft:wall_torch":2},"minecraft:broken":{"minecraft:stone_pickaxe":2},"minecraft:custom":{"minecraft:time_since_rest":32823,"minecraft:interact_with_furnace":2,"minecraft:sprint_one_cm":48728,"minecraft:damage_taken":315,"minecraft:walk_one_cm":47172,"minecraft:drop":1,"minecraft:damage_dealt":161,"minecraft:interact_with_crafting_table":7,"minecraft:fly_one_cm":38889,"minecraft:open_chest":9,"minecraft:play_time":32823,"minecraft:jump":260,"minecraft:leave_game":2,"minecraft:time_since_death":32823,"minecraft:total_world_time":32823,"minecraft:fall_one_cm":5204},"minecraft:picked_up":{"minecraft:stick":3,"minecraft:cooked_beef":7,"minecraft:andesite":41,"minecraft:torch":2,"minecraft:gravel":49,"minecraft:flint":2,"minecraft:oak_log":12,"minecraft:dirt":16,"minecraft:raw_copper":115,"minecraft:apple":1,"projectvibrantjourneys:orange_bark_mushroom":1,"minecraft:oak_sapling":2,"minecraft:coal":32,"minecraft:cobblestone":200}},"DataVersion":3465}