{"stats":{"minecraft:used":{"minecraft:chest":4,"minecraft:iron_sword":131,"minecraft:netherrack":1,"minecraft:iron_chestplate":1,"minecraft:torch":127,"minecraft:dirt":4,"create:cogwheel":2,"projectvibrantjourneys:fallen_leaves":1,"minecraft:iron_helmet":1,"create:millstone":1,"minecraft:furnace":1,"minecraft:oak_sapling":15,"minecraft:cooked_beef":21,"minecraft:cobbled_deepslate":15,"minecraft:water_bucket":4,"minecraft:stone_pickaxe":514,"minecraft:wooden_pickaxe":12,"minecraft:diamond_axe":124,"minecraft:green_bed":1,"minecraft:large_amethyst_bud":5,"minecraft:glow_berries":92,"minecraft:mossy_cobblestone":1,"minecraft:crafting_table":4,"minecraft:oak_log":5,"minecraft:diamond_pickaxe":520,"supplementaries:cage":10,"minecraft:diamond_shovel":140,"minecraft:iron_pickaxe":318,"minecraft:diamond_ore":1,"minecraft:gravel":49,"minecraft:diamond_sword":2,"minecraft:cobblestone":110,"minecraft:andesite":4,"minecraft:bucket":5},"minecraft:dropped":{"minecraft:wheat_seeds":1,"minecraft:oak_log":2,"minecraft:mossy_cobblestone":5,"minecraft:glow_berries":1,"minecraft:leather":4,"projectvibrantjourneys:orange_bark_mushroom":1,"alexsmobs:bison_fur":1,"minecraft:stick":1,"projectvibrantjourneys:fallen_leaves":1,"minecraft:iron_pickaxe":2,"minecraft:string":25,"projectvibrantjourneys:bark_mushroom":2,"minecraft:stone_sword":1,"minecraft:cobbled_deepslate":3,"minecraft:rotten_flesh":2,"minecraft:oak_planks":1,"minecraft:iron_boots":1,"artifacts:golden_hook":1,"psg:raw_potassium":12,"supplementaries:cage":1,"pointblank:gunmetal_nugget":8,"supplementaries:flax_seeds":2,"projectvibrantjourneys:light_brown_bark_mushroom":2,"minecraft:skeleton_skull":1,"minecraft:iron_chestplate":1,"minecraft:slime_ball":1,"minecraft:iron_bars":14,"minecraft:wooden_pickaxe":1},"minecraft:crafted":{"minecraft:oak_planks":76,"minecraft:raw_iron":36,"minecraft:iron_nugget":54,"psg:sulphur_sack":10,"minecraft:diamond_shovel":2,"minecraft:raw_copper_block":29,"minecraft:raw_copper":18,"create:millstone":1,"minecraft:stone_pickaxe":4,"minecraft:chest":4,"minecraft:copper_block":13,"minecraft:redstone_block":18,"create:cogwheel":2,"minecraft:raw_iron_block":13,"minecraft:cooked_beef":31,"minecraft:oak_slab":30,"create:andesite_alloy":27,"minecraft:diamond_sword":1,"minecraft:diamond_axe":1,"minecraft:crafting_table":2,"minecraft:wooden_pickaxe":1,"minecraft:iron_helmet":1,"minecraft:iron_sword":1,"minecraft:raw_gold_block":3,"supplementaries:cage":9,"better_mob_food:cooked_flesh":6,"minecraft:copper_ingot":120,"minecraft:gold_block":15,"minecraft:bucket":1,"minecraft:air":0,"create:raw_zinc_block":14,"minecraft:iron_chestplate":1,"minecraft:stick":40,"minecraft:iron_ingot":130,"minecraft:iron_pickaxe":3,"minecraft:stone_sword":1,"minecraft:iron_block":6,"minecraft:iron_leggings":1,"minecraft:gold_ingot":90,"create:shaft":8,"minecraft:torch":96},"minecraft:mined":{"create:zinc_ore":54,"minecraft:large_amethyst_bud":5,"minecraft:diamond_ore":3,"create:deepslate_zinc_ore":75,"minecraft:mossy_cobblestone":6,"minecraft:deepslate_diamond_ore":12,"create:andesite_casing":1,"projectvibrantjourneys:rocks":4,"psg:sulphur_ore":11,"minecraft:grass_block":10,"minecraft:magma_block":10,"minecraft:redstone_ore":1,"minecraft:furnace":1,"minecraft:iron_ore":103,"minecraft:cobbled_deepslate":2,"minecraft:fire":1,"minecraft:andesite":158,"minecraft:deepslate_lapis_ore":3,"minecraft:cave_vines":6,"minecraft:deepslate_iron_ore":32,"minecraft:vine":6,"minecraft:iron_bars":18,"minecraft:stone":420,"minecraft:green_bed":1,"minecraft:deepslate_redstone_ore":32,"minecraft:crimson_nylium":3,"psg:potassium_ore":6,"psg:deepslate_sulphur_ore":6,"minecraft:crafting_table":2,"minecraft:torch":47,"minecraft:sculk_sensor":1,"minecraft:tall_grass":5,"minecraft:copper_ore":76,"minecraft:cobblestone":45,"minecraft:deepslate_coal_ore":1,"minecraft:lapis_ore":6,"minecraft:deepslate_gold_ore":18,"minecraft:oak_planks":6,"supplementaries:cage":2,"minecraft:wall_torch":11,"minecraft:air":1,"supplementaries:urn":15,"minecraft:grass":1,"minecraft:oak_log":62,"minecraft:coal_ore":85,"projectvibrantjourneys:short_grass":3,"minecraft:gravel":150,"minecraft:dirt":25,"minecraft:cobweb":23,"minecraft:netherrack":78,"minecraft:gold_ore":8,"minecraft:oak_leaves":9,"minecraft:deepslate":18,"psg:nether_sulphur_ore":1},"minecraft:broken":{"minecraft:iron_boots":1,"minecraft:stone_pickaxe":4},"minecraft:custom":{"minecraft:mob_kills":38,"minecraft:interact_with_crafting_table":51,"minecraft:open_barrel":58,"goblintraders:trade_with_goblin":123,"minecraft:damage_dealt_resisted":90,"minecraft:leave_game":3,"minecraft:time_since_death":241181,"minecraft:climb_one_cm":748,"minecraft:sprint_one_cm":426417,"minecraft:walk_one_cm":423644,"minecraft:drop":55,"minecraft:damage_dealt_absorbed":80,"minecraft:play_time":241181,"minecraft:sneak_time":7045,"minecraft:walk_under_water_one_cm":7453,"minecraft:jump":3046,"minecraft:walk_on_water_one_cm":26522,"minecraft:total_world_time":241181,"minecraft:interact_with_furnace":27,"minecraft:sleep_in_bed":6,"minecraft:time_since_rest":8223,"minecraft:damage_taken":1791,"minecraft:damage_dealt":7791,"minecraft:swim_one_cm":27211,"minecraft:fly_one_cm":440294,"minecraft:open_chest":98,"minecraft:crouch_one_cm":12228,"minecraft:fall_one_cm":52756},"minecraft:killed":{"minecraft:spider":1,"minecraft:phantom":1,"minecraft:skeleton":2,"minecraft:silverfish":1,"alexsmobs:bison":4,"artifacts:mimic":3,"minecraft:pig":7,"minecraft:sheep":3,"minecraft:zombie":10,"minecraft:cow":4},"minecraft:picked_up":{"minecraft:crafting_table":2,"minecraft:string":25,"minecraft:raw_copper":268,"artifacts:feral_claws":1,"minecraft:cobbled_deepslate":19,"minecraft:beef":35,"minecraft:iron_pickaxe":2,"supplementaries:cage":2,"minecraft:furnace":1,"minecraft:iron_boots":1,"minecraft:stick":14,"minecraft:raw_iron":142,"projectvibrantjourneys:bark_mushroom":2,"minecraft:torch":74,"minecraft:green_bed":1,"create:andesite_casing":1,"sophisticatedbackpacks:backpack":1,"minecraft:porkchop":10,"pointblank:gunmetal_nugget":8,"psg:sulphur":97,"minecraft:redstone":163,"minecraft:rotten_flesh":8,"supplementaries:ash":31,"minecraft:glow_berries":1,"minecraft:mutton":6,"minecraft:iron_bars":22,"minecraft:skeleton_skull":1,"minecraft:white_wool":3,"minecraft:cobblestone":449,"minecraft:magma_block":9,"minecraft:cooked_beef":7,"minecraft:andesite":158,"projectvibrantjourneys:fallen_leaves":2,"minecraft:leather":4,"alexsmobs:bison_fur":1,"minecraft:flint":15,"minecraft:oak_log":62,"create:raw_zinc":130,"supplementaries:flax_seeds":2,"minecraft:gunpowder":1,"minecraft:lapis_lazuli":55,"minecraft:dirt":33,"minecraft:bone":7,"minecraft:apple":2,"minecraft:wheat_seeds":1,"minecraft:raw_gold":31,"minecraft:oak_planks":6,"projectvibrantjourneys:light_brown_bark_mushroom":2,"psg:raw_potassium":26,"minecraft:gravel":242,"minecraft:mossy_cobblestone":8,"minecraft:slime_ball":2,"artifacts:golden_hook":1,"minecraft:diamond":23,"artifacts:crystal_heart":1,"minecraft:bread":41,"minecraft:oak_sapling":15,"projectvibrantjourneys:orange_bark_mushroom":1,"minecraft:netherrack":78,"minecraft:coal":86,"minecraft:ender_pearl":2}},"DataVersion":3465}