{"stats":{"minecraft:dropped":{"minecraft:stone_sword":1,"minecraft:cobbled_deepslate":1,"minecraft:mossy_cobblestone":5,"minecraft:rotten_flesh":1,"minecraft:glow_berries":1,"minecraft:oak_planks":1,"psg:raw_potassium":12,"projectvibrantjourneys:orange_bark_mushroom":1,"pointblank:gunmetal_nugget":8,"minecraft:stick":1,"supplementaries:flax_seeds":2,"minecraft:skeleton_skull":1,"minecraft:slime_ball":1,"minecraft:wooden_pickaxe":1,"minecraft:iron_pickaxe":2},"minecraft:used":{"minecraft:stone_pickaxe":514,"minecraft:chest":2,"minecraft:wooden_pickaxe":12,"minecraft:iron_sword":131,"minecraft:green_bed":1,"minecraft:large_amethyst_bud":5,"minecraft:iron_chestplate":1,"minecraft:torch":97,"minecraft:glow_berries":35,"minecraft:mossy_cobblestone":1,"minecraft:dirt":4,"minecraft:crafting_table":1,"minecraft:diamond_pickaxe":415,"supplementaries:cage":5,"minecraft:iron_pickaxe":318,"minecraft:iron_helmet":1,"minecraft:diamond_ore":1,"minecraft:gravel":49,"minecraft:cobblestone":101,"minecraft:oak_sapling":2,"minecraft:andesite":4,"minecraft:cobbled_deepslate":14,"minecraft:cooked_beef":11},"minecraft:crafted":{"minecraft:cooked_beef":4,"minecraft:oak_slab":12,"minecraft:oak_planks":48,"minecraft:raw_iron":9,"minecraft:crafting_table":2,"minecraft:iron_helmet":1,"minecraft:wooden_pickaxe":1,"minecraft:iron_sword":1,"supplementaries:cage":4,"minecraft:copper_ingot":120,"minecraft:gold_block":15,"minecraft:raw_copper_block":28,"minecraft:air":0,"minecraft:iron_chestplate":1,"minecraft:raw_copper":18,"minecraft:stick":36,"minecraft:stone_pickaxe":4,"minecraft:iron_ingot":92,"minecraft:iron_pickaxe":3,"minecraft:iron_block":6,"minecraft:copper_block":13,"minecraft:stone_sword":1,"minecraft:chest":2,"minecraft:gold_ingot":87,"minecraft:iron_leggings":1,"minecraft:torch":96,"minecraft:raw_iron_block":10},"minecraft:mined":{"create:zinc_ore":54,"minecraft:diamond_ore":3,"minecraft:deepslate_redstone_ore":32,"minecraft:large_amethyst_bud":5,"create:deepslate_zinc_ore":75,"minecraft:mossy_cobblestone":6,"minecraft:deepslate_diamond_ore":12,"psg:potassium_ore":6,"psg:deepslate_sulphur_ore":6,"projectvibrantjourneys:rocks":4,"psg:sulphur_ore":11,"minecraft:torch":21,"minecraft:sculk_sensor":1,"minecraft:copper_ore":76,"minecraft:cobblestone":39,"minecraft:deepslate_coal_ore":1,"minecraft:deepslate_gold_ore":18,"minecraft:lapis_ore":6,"minecraft:oak_planks":5,"supplementaries:cage":1,"minecraft:wall_torch":7,"minecraft:air":1,"supplementaries:urn":15,"minecraft:redstone_ore":1,"minecraft:fire":1,"minecraft:iron_ore":103,"minecraft:andesite":158,"minecraft:deepslate_lapis_ore":3,"minecraft:oak_log":12,"minecraft:coal_ore":85,"minecraft:deepslate_iron_ore":32,"minecraft:vine":6,"minecraft:iron_bars":18,"minecraft:gravel":58,"minecraft:dirt":16,"minecraft:cobweb":23,"minecraft:deepslate":18,"minecraft:stone":420,"minecraft:gold_ore":8,"minecraft:oak_leaves":2,"minecraft:green_bed":1},"minecraft:broken":{"minecraft:stone_pickaxe":4},"minecraft:custom":{"minecraft:interact_with_furnace":10,"minecraft:mob_kills":18,"minecraft:interact_with_crafting_table":27,"minecraft:open_barrel":57,"goblintraders:trade_with_goblin":122,"minecraft:damage_dealt_resisted":90,"minecraft:leave_game":2,"minecraft:time_since_death":164823,"minecraft:sleep_in_bed":1,"minecraft:climb_one_cm":222,"minecraft:time_since_rest":14759,"minecraft:sprint_one_cm":241990,"minecraft:damage_taken":1021,"minecraft:walk_one_cm":305582,"minecraft:drop":28,"minecraft:damage_dealt":4492,"minecraft:swim_one_cm":331,"minecraft:damage_dealt_absorbed":80,"minecraft:fly_one_cm":154958,"minecraft:open_chest":33,"minecraft:walk_under_water_one_cm":2467,"minecraft:crouch_one_cm":8788,"minecraft:play_time":164823,"minecraft:sneak_time":5791,"minecraft:jump":1701,"minecraft:walk_on_water_one_cm":12504,"minecraft:total_world_time":164823,"minecraft:fall_one_cm":17574},"minecraft:killed":{"minecraft:phantom":1,"minecraft:skeleton":2,"minecraft:zombie":9,"minecraft:silverfish":1,"artifacts:mimic":3},"minecraft:picked_up":{"minecraft:cooked_beef":7,"minecraft:andesite":158,"minecraft:flint":2,"create:raw_zinc":130,"minecraft:oak_log":12,"supplementaries:flax_seeds":2,"minecraft:lapis_lazuli":55,"minecraft:string":23,"minecraft:dirt":16,"minecraft:raw_copper":268,"artifacts:feral_claws":1,"minecraft:bone":7,"minecraft:apple":1,"minecraft:cobbled_deepslate":17,"minecraft:raw_gold":31,"minecraft:iron_pickaxe":2,"supplementaries:cage":1,"minecraft:oak_planks":5,"minecraft:iron_boots":1,"minecraft:stick":3,"minecraft:raw_iron":142,"psg:raw_potassium":26,"minecraft:torch":44,"minecraft:green_bed":1,"minecraft:gravel":99,"pointblank:gunmetal_nugget":8,"psg:sulphur":91,"minecraft:redstone":163,"minecraft:mossy_cobblestone":8,"artifacts:golden_hook":1,"minecraft:rotten_flesh":7,"minecraft:slime_ball":2,"minecraft:diamond":23,"artifacts:crystal_heart":1,"supplementaries:ash":31,"projectvibrantjourneys:orange_bark_mushroom":1,"minecraft:oak_sapling":2,"minecraft:glow_berries":1,"minecraft:iron_bars":18,"minecraft:coal":86,"minecraft:skeleton_skull":1,"minecraft:cobblestone":444,"minecraft:ender_pearl":2}},"DataVersion":3465}