{"stats":{"minecraft:used":{"minecraft:flint_and_steel":2,"minecraft:oak_sign":1,"minecraft:chest":7,"minecraft:iron_sword":13,"minecraft:rotten_flesh":17,"minecraft:netherrack":112,"minecraft:stick":17,"minecraft:torch":36,"minecraft:dirt":222,"minecraft:carrot":16,"minecraft:furnace_minecart":1,"minecraft:iron_hoe":1,"minecraft:wooden_axe":67,"projectvibrantjourneys:fallen_leaves":2,"minecraft:iron_axe":101,"better_mob_food:cooked_flesh":6,"torchmaster:feral_flare_lantern":1,"minecraft:beef":5,"minecraft:oak_sapling":1,"minecraft:furnace":6,"torchmaster:megatorch":1,"minecraft:cooked_beef":9,"minecraft:cobbled_deepslate":2,"minecraft:iron_leggings":1,"minecraft:water_bucket":2,"minecraft:cooked_mutton":6,"minecraft:oak_planks":31,"minecraft:stone_pickaxe":219,"minecraft:ender_pearl":3,"minecraft:wooden_pickaxe":28,"minecraft:composter":7,"minecraft:diamond_axe":9,"create:blaze_burner":1,"minecraft:rail":2,"minecraft:oak_slab":1,"minecraft:crafting_table":2,"minecraft:white_bed":2,"minecraft:cod":1,"minecraft:oak_log":5,"minecraft:diamond_pickaxe":1509,"supplementaries:cage":28,"minecraft:diamond_shovel":3521,"minecraft:bread":104,"minecraft:iron_pickaxe":66,"minecraft:gravel":6,"create:white_seat":1,"minecraft:diamond_sword":94,"minecraft:cobblestone":149,"minecraft:cooked_porkchop":10,"minecraft:andesite":4,"minecraft:bucket":3,"minecraft:yellow_bed":1,"minecraft:oak_boat":2,"minecraft:bone_meal":33},"minecraft:dropped":{"sophisticatedbackpacks:iron_backpack":1,"minecraft:iron_ingot":76,"minecraft:bread":139,"minecraft:oak_slab":2,"minecraft:wheat_seeds":10,"minecraft:cooked_beef":7,"minecraft:oak_log":36,"minecraft:iron_helmet":1,"minecraft:cobblestone":14,"minecraft:rail":31,"projectvibrantjourneys:rocks":1,"minecraft:flint":1,"minecraft:stick":1,"minecraft:oxeye_daisy":16,"minecraft:dirt":14,"minecraft:cornflower":24,"tacz:modern_kinetic_gun":1,"minecraft:gold_nugget":11,"minecraft:iron_axe":1,"create:mechanical_plough":2,"minecraft:string":1,"create:mechanical_drill":6,"minecraft:dandelion":4,"alexsmobs:maggot":1,"minecraft:iron_nugget":13,"minecraft:cobbled_deepslate":1,"minecraft:wheat":1,"minecraft:grindstone":1,"sophisticatedbackpacks:backpack":1,"minecraft:azure_bluet":8,"minecraft:poppy":1,"minecraft:diamond_pickaxe":1,"minecraft:andesite":1,"minecraft:oak_sapling":1,"minecraft:golden_sword":1,"minecraft:iron_bars":14,"minecraft:arrow":1,"minecraft:raw_gold":2},"minecraft:crafted":{"minecraft:oak_planks":216,"minecraft:raw_iron":72,"minecraft:coal":578,"minecraft:oak_sign":3,"minecraft:iron_nugget":117,"minecraft:furnace":6,"supplementaries:soap":6,"sophisticatedbackpacks:crafting_upgrade":2,"minecraft:bone_meal":33,"minecraft:diamond_shovel":1,"minecraft:iron_bars":16,"minecraft:cooked_mutton":6,"minecraft:glass":2,"minecraft:iron_boots":1,"minecraft:iron_axe":1,"minecraft:iron_hoe":1,"minecraft:stone_pickaxe":2,"minecraft:chest":11,"minecraft:rail":32,"create:mechanical_plough":1,"torchmaster:megatorch":1,"minecraft:wheat":315,"minecraft:minecart":1,"minecraft:cooked_beef":19,"minecraft:furnace_minecart":1,"create:andesite_alloy":30,"minecraft:emerald":39,"minecraft:diamond_sword":2,"sophisticatedbackpacks:backpack":4,"minecraft:cooked_porkchop":10,"minecraft:diamond_axe":1,"minecraft:crafting_table":3,"minecraft:wooden_pickaxe":1,"minecraft:iron_helmet":3,"supplementaries:cage":1,"minecraft:gold_block":2,"sophisticatedbackpacks:upgrade_base":2,"minecraft:bread":305,"minecraft:air":0,"minecraft:oak_boat":2,"minecraft:iron_chestplate":1,"minecraft:diamond_pickaxe":3,"minecraft:raw_gold":18,"minecraft:stick":36,"create:white_seat":1,"minecraft:iron_ingot":134,"supplementaries:bubble_blower":2,"minecraft:wooden_axe":1,"torchmaster:feral_flare_lantern":1,"minecraft:gold_ingot":18,"minecraft:iron_leggings":2,"create:mechanical_drill":6,"minecraft:torch":48},"minecraft:killed_by":{"minecraft:zombified_piglin":1},"minecraft:mined":{"minecraft:diamond_ore":2,"minecraft:white_bed":2,"minecraft:oak_sapling":1,"minecraft:mossy_cobblestone":1,"minecraft:deepslate_diamond_ore":10,"create:andesite_casing":3,"projectvibrantjourneys:rocks":7,"minecraft:obsidian":10,"minecraft:grass_block":1118,"minecraft:coal_block":65,"minecraft:soul_soil":1,"minecraft:composter":7,"minecraft:oxeye_daisy":18,"minecraft:hay_block":43,"minecraft:glowstone":17,"minecraft:furnace":1,"minecraft:carrots":25,"supplementaries:ash":2,"minecraft:iron_ore":63,"minecraft:polished_basalt":1,"minecraft:fire":7,"minecraft:cobbled_deepslate":1,"minecraft:andesite":1046,"minecraft:azure_bluet":5,"minecraft:potatoes":1,"supplementaries:stick":14,"minecraft:dirt_path":1,"minecraft:shroomlight":5,"minecraft:deepslate_iron_ore":6,"minecraft:vine":2,"minecraft:rail":1,"minecraft:stripped_oak_log":1,"projectvibrantjourneys:seashells":2,"minecraft:stone":190,"minecraft:white_wool":9,"minecraft:podzol":1,"minecraft:oak_slab":1,"minecraft:glass_pane":1,"minecraft:crimson_nylium":5,"minecraft:basalt":3,"minecraft:dandelion":8,"minecraft:cornflower":23,"minecraft:crafting_table":1,"minecraft:torch":4,"projectvibrantjourneys:twigs":23,"minecraft:poppy":2,"minecraft:chest":1,"projectvibrantjourneys:mossy_rocks":3,"minecraft:nether_quartz_ore":36,"minecraft:copper_ore":6,"minecraft:tall_grass":269,"minecraft:cobblestone":3,"minecraft:oak_planks":2,"minecraft:grindstone":1,"projectvibrantjourneys:fallen_leaves":19,"minecraft:wall_torch":2,"supplementaries:cage":12,"supplementaries:urn":1,"create:blaze_burner":1,"minecraft:coarse_dirt":1,"minecraft:nether_wart_block":1,"minecraft:yellow_wool":9,"minecraft:wheat":2,"projectvibrantjourneys:bones":2,"minecraft:yellow_bed":1,"minecraft:stone_brick_stairs":2,"minecraft:grass":992,"minecraft:coal_ore":92,"minecraft:oak_log":95,"projectvibrantjourneys:short_grass":162,"minecraft:gravel":99,"minecraft:dirt":1871,"minecraft:sand":2,"minecraft:cobweb":1,"minecraft:smooth_basalt":1,"minecraft:stone_bricks":2,"minecraft:netherrack":143,"minecraft:oak_leaves":11,"minecraft:deepslate":16},"minecraft:broken":{"minecraft:stone_pickaxe":1,"minecraft:diamond_shovel":1,"minecraft:wooden_axe":1},"minecraft:custom":{"minecraft:mob_kills":112,"minecraft:interact_with_crafting_table":79,"minecraft:open_barrel":10,"goblintraders:trade_with_goblin":86,"minecraft:damage_dealt_resisted":3070,"minecraft:leave_game":24,"minecraft:time_since_death":387718,"minecraft:climb_one_cm":2899,"minecraft:sprint_one_cm":942539,"minecraft:walk_one_cm":1256570,"minecraft:drop":103,"minecraft:talked_to_villager":22,"minecraft:play_time":517141,"minecraft:sneak_time":8645,"minecraft:deaths":8,"minecraft:walk_under_water_one_cm":32173,"minecraft:boat_one_cm":1935,"minecraft:jump":4996,"minecraft:interact_with_blast_furnace":3,"minecraft:walk_on_water_one_cm":36278,"minecraft:total_world_time":517141,"minecraft:interact_with_furnace":37,"minecraft:traded_with_villager":30,"minecraft:sleep_in_bed":13,"minecraft:time_since_rest":6677,"minecraft:damage_taken":8871,"minecraft:damage_dealt":6085,"minecraft:swim_one_cm":109603,"minecraft:fly_one_cm":729668,"minecraft:open_chest":179,"minecraft:crouch_one_cm":16670,"minecraft:fall_one_cm":162544},"minecraft:killed":{"minecraft:zombified_piglin":34,"minecraft:spider":3,"minecraft:cod":1,"minecraft:phantom":13,"minecraft:skeleton":5,"minecraft:drowned":1,"minecraft:pig":1,"minecraft:bat":3,"minecraft:creeper":3,"alexsmobs:crimson_mosquito":1,"mutantmonsters:creeper_minion":1,"minecraft:zombie":12,"alexsmobs:fly":1,"mutantmonsters:mutant_creeper":1,"minecraft:wither_skeleton":1,"minecraft:enderman":1,"minecraft:cow":15},"minecraft:picked_up":{"minecraft:iron_chestplate":1,"minecraft:crafting_table":1,"minecraft:azure_bluet":9,"minecraft:brown_mushroom":4,"minecraft:prismarine_shard":1,"minecraft:yellow_wool":9,"minecraft:stone_brick_stairs":2,"minecraft:golden_sword":2,"minecraft:cornflower":24,"minecraft:string":26,"minecraft:soul_soil":1,"minecraft:raw_copper":18,"minecraft:iron_axe":1,"minecraft:iron_leggings":1,"minecraft:shroomlight":4,"alexsmobs:blood_sac":1,"minecraft:gold_nugget":11,"minecraft:cobbled_deepslate":35,"minecraft:beef":29,"minecraft:oak_boat":1,"minecraft:iron_nugget":5,"minecraft:poppy":2,"supplementaries:cage":16,"minecraft:coal_block":82,"minecraft:chest":1,"minecraft:birch_sapling":1,"minecraft:iron_boots":1,"minecraft:furnace":1,"minecraft:stick":65,"minecraft:raw_iron":73,"minecraft:composter":7,"minecraft:torch":9,"create:andesite_casing":11,"minecraft:porkchop":2,"pointblank:gunmetal_nugget":95,"create:hand_crank":1,"minecraft:carrot":60,"minecraft:arrow":4,"minecraft:rotten_flesh":27,"minecraft:polished_basalt":1,"minecraft:hay_block":43,"supplementaries:ash":18,"minecraft:obsidian":10,"minecraft:iron_bars":24,"minecraft:cod":1,"minecraft:rail":1,"minecraft:white_wool":9,"minecraft:cobblestone":250,"minecraft:oxeye_daisy":16,"create:iron_sheet":3,"minecraft:cooked_beef":4,"minecraft:basalt":2,"minecraft:water_bucket":1,"minecraft:andesite":1029,"projectvibrantjourneys:fallen_leaves":19,"minecraft:leather":28,"minecraft:red_mushroom":1,"minecraft:potato":4,"supplementaries:flax_seeds":1,"projectvibrantjourneys:rocks":2,"minecraft:flint":17,"minecraft:tuff":2,"minecraft:oak_log":102,"minecraft:gunpowder":15,"minecraft:yellow_bed":1,"minecraft:nether_wart_block":1,"create:blaze_burner":2,"minecraft:dirt":2994,"create:mechanical_plough":1,"tacz:ammo_box":3,"minecraft:bone":18,"minecraft:apple":2,"minecraft:bow":2,"minecraft:wheat_seeds":201,"create:mechanical_drill":6,"minecraft:iron_ingot":8,"minecraft:grindstone":1,"minecraft:glowstone_dust":42,"minecraft:oak_planks":2,"projectvibrantjourneys:light_brown_bark_mushroom":1,"minecraft:oak_slab":3,"minecraft:smooth_basalt":2,"create:cogwheel":2,"create:empty_blaze_burner":2,"minecraft:quartz":43,"minecraft:dandelion":11,"minecraft:gravel":98,"minecraft:sand":2,"sophisticatedbackpacks:iron_backpack":2,"minecraft:white_bed":2,"minecraft:spider_eye":4,"artifacts:golden_hook":1,"minecraft:diamond":14,"tacz:modern_kinetic_gun":2,"minecraft:bread":10,"alexsmobs:maggot":1,"projectvibrantjourneys:orange_bark_mushroom":1,"minecraft:oak_sapling":26,"minecraft:netherrack":203,"minecraft:coal":99,"minecraft:ender_pearl":1,"minecraft:diamond_pickaxe":1}},"DataVersion":3465}