{"stats":{"minecraft:used":{"minecraft:stone_pickaxe":219,"minecraft:wooden_pickaxe":28,"minecraft:iron_sword":12,"minecraft:diamond_axe":1,"minecraft:torch":7,"minecraft:dirt":5,"minecraft:crafting_table":2,"minecraft:white_bed":1,"minecraft:cod":1,"minecraft:wooden_axe":67,"projectvibrantjourneys:fallen_leaves":2,"minecraft:diamond_pickaxe":1,"supplementaries:cage":4,"minecraft:diamond_shovel":621,"minecraft:bread":5,"minecraft:iron_pickaxe":33,"minecraft:cobblestone":37,"minecraft:beef":5,"minecraft:furnace":1,"minecraft:andesite":3,"minecraft:cooked_beef":5,"minecraft:cobbled_deepslate":1},"minecraft:dropped":{"minecraft:bread":41,"minecraft:cooked_beef":7,"minecraft:cobbled_deepslate":1,"sophisticatedbackpacks:backpack":1,"minecraft:dirt":2,"minecraft:oak_sapling":1},"minecraft:crafted":{"minecraft:cooked_beef":19,"minecraft:oak_planks":68,"minecraft:diamond_sword":1,"sophisticatedbackpacks:backpack":2,"minecraft:diamond_axe":1,"minecraft:crafting_table":2,"minecraft:wooden_pickaxe":1,"minecraft:iron_helmet":1,"minecraft:furnace":1,"sophisticatedbackpacks:crafting_upgrade":1,"minecraft:diamond_shovel":1,"sophisticatedbackpacks:upgrade_base":1,"minecraft:bread":105,"minecraft:iron_boots":1,"minecraft:iron_chestplate":1,"minecraft:diamond_pickaxe":1,"minecraft:stick":24,"minecraft:iron_ingot":23,"minecraft:stone_pickaxe":2,"minecraft:wooden_axe":1,"minecraft:chest":3,"minecraft:iron_leggings":1,"minecraft:torch":16,"minecraft:wheat":315},"minecraft:mined":{"minecraft:white_bed":1,"minecraft:oak_sapling":1,"minecraft:glass_pane":1,"projectvibrantjourneys:rocks":1,"minecraft:crafting_table":1,"projectvibrantjourneys:twigs":2,"minecraft:grass_block":186,"minecraft:poppy":1,"minecraft:tall_grass":111,"minecraft:cobblestone":1,"projectvibrantjourneys:fallen_leaves":7,"supplementaries:cage":2,"minecraft:wall_torch":2,"minecraft:hay_block":43,"minecraft:yellow_wool":9,"minecraft:andesite":3,"minecraft:azure_bluet":1,"minecraft:stone_brick_stairs":2,"minecraft:grass":273,"minecraft:oak_log":17,"minecraft:coal_ore":70,"projectvibrantjourneys:short_grass":49,"minecraft:vine":1,"minecraft:dirt_path":1,"minecraft:dirt":198,"minecraft:stone_bricks":2,"minecraft:stone":121,"minecraft:white_wool":9},"minecraft:broken":{"minecraft:stone_pickaxe":1,"minecraft:wooden_axe":1},"minecraft:custom":{"minecraft:interact_with_furnace":8,"minecraft:mob_kills":17,"minecraft:interact_with_crafting_table":20,"minecraft:leave_game":5,"minecraft:time_since_death":44129,"minecraft:sleep_in_bed":3,"minecraft:climb_one_cm":564,"minecraft:time_since_rest":9231,"minecraft:sprint_one_cm":182814,"minecraft:damage_taken":820,"minecraft:walk_one_cm":178437,"minecraft:drop":12,"minecraft:damage_dealt":1874,"minecraft:swim_one_cm":13363,"minecraft:fly_one_cm":96931,"minecraft:talked_to_villager":2,"minecraft:open_chest":31,"minecraft:crouch_one_cm":16,"minecraft:play_time":72539,"minecraft:deaths":1,"minecraft:sneak_time":179,"minecraft:walk_under_water_one_cm":7227,"minecraft:jump":803,"minecraft:walk_on_water_one_cm":12855,"minecraft:total_world_time":72539,"minecraft:fall_one_cm":19392},"minecraft:killed":{"minecraft:cod":1,"minecraft:zombie":1,"minecraft:cow":15},"minecraft:picked_up":{"minecraft:crafting_table":1,"minecraft:iron_chestplate":1,"minecraft:azure_bluet":1,"minecraft:yellow_wool":9,"minecraft:andesite":3,"projectvibrantjourneys:fallen_leaves":5,"minecraft:leather":24,"minecraft:oak_log":19,"minecraft:stone_brick_stairs":2,"minecraft:dirt":380,"minecraft:string":25,"minecraft:wheat_seeds":55,"minecraft:cobbled_deepslate":2,"minecraft:beef":29,"minecraft:poppy":1,"supplementaries:cage":3,"minecraft:iron_boots":1,"projectvibrantjourneys:light_brown_bark_mushroom":1,"minecraft:stick":2,"minecraft:torch":2,"minecraft:white_bed":1,"artifacts:golden_hook":1,"minecraft:hay_block":43,"projectvibrantjourneys:orange_bark_mushroom":1,"minecraft:oak_sapling":2,"minecraft:cod":1,"minecraft:iron_bars":10,"minecraft:coal":70,"minecraft:white_wool":9,"minecraft:cobblestone":119}},"DataVersion":3465}