{"stats":{"minecraft:used":{"minecraft:stone_pickaxe":219,"minecraft:wooden_pickaxe":28,"minecraft:iron_sword":12,"minecraft:torch":7,"minecraft:dirt":1,"minecraft:crafting_table":2,"minecraft:cod":1,"minecraft:wooden_axe":67,"projectvibrantjourneys:fallen_leaves":2,"supplementaries:cage":2,"minecraft:bread":2,"minecraft:iron_pickaxe":33,"minecraft:cobblestone":37,"minecraft:beef":5,"minecraft:furnace":1,"minecraft:andesite":3,"minecraft:cooked_beef":5},"minecraft:dropped":{"minecraft:cooked_beef":7},"minecraft:crafted":{"minecraft:cooked_beef":19,"minecraft:oak_planks":36,"minecraft:crafting_table":1,"minecraft:wooden_pickaxe":1,"minecraft:furnace":1,"minecraft:bread":105,"minecraft:stick":16,"minecraft:stone_pickaxe":2,"minecraft:wooden_axe":1,"minecraft:torch":16,"minecraft:wheat":315},"minecraft:mined":{"minecraft:glass_pane":1,"minecraft:white_bed":1,"projectvibrantjourneys:rocks":1,"minecraft:crafting_table":1,"projectvibrantjourneys:twigs":2,"minecraft:grass_block":6,"minecraft:tall_grass":42,"minecraft:cobblestone":1,"projectvibrantjourneys:fallen_leaves":4,"minecraft:wall_torch":2,"supplementaries:cage":1,"minecraft:hay_block":43,"minecraft:yellow_wool":9,"minecraft:andesite":3,"minecraft:azure_bluet":1,"minecraft:stone_brick_stairs":2,"minecraft:grass":65,"minecraft:coal_ore":70,"minecraft:oak_log":11,"projectvibrantjourneys:short_grass":13,"minecraft:vine":1,"minecraft:dirt":11,"minecraft:stone":121,"minecraft:stone_bricks":2,"minecraft:white_wool":9},"minecraft:broken":{"minecraft:stone_pickaxe":1,"minecraft:wooden_axe":1},"minecraft:custom":{"minecraft:interact_with_furnace":7,"minecraft:mob_kills":16,"minecraft:interact_with_crafting_table":10,"minecraft:leave_game":4,"minecraft:time_since_death":20987,"minecraft:sleep_in_bed":1,"minecraft:climb_one_cm":564,"minecraft:time_since_rest":17133,"minecraft:sprint_one_cm":140889,"minecraft:walk_one_cm":127144,"minecraft:damage_taken":790,"minecraft:drop":7,"minecraft:damage_dealt":1774,"minecraft:talked_to_villager":2,"minecraft:swim_one_cm":13363,"minecraft:fly_one_cm":72314,"minecraft:open_chest":10,"minecraft:crouch_one_cm":16,"minecraft:play_time":49397,"minecraft:deaths":1,"minecraft:sneak_time":144,"minecraft:walk_under_water_one_cm":7227,"minecraft:jump":542,"minecraft:walk_on_water_one_cm":12855,"minecraft:total_world_time":49397,"minecraft:fall_one_cm":13207},"minecraft:killed":{"minecraft:cod":1,"minecraft:zombie":1,"minecraft:cow":14},"minecraft:picked_up":{"minecraft:iron_chestplate":1,"minecraft:crafting_table":1,"minecraft:azure_bluet":1,"minecraft:yellow_wool":9,"minecraft:andesite":3,"projectvibrantjourneys:fallen_leaves":3,"minecraft:leather":19,"minecraft:stone_brick_stairs":2,"minecraft:oak_log":11,"minecraft:dirt":17,"minecraft:wheat_seeds":12,"minecraft:cobbled_deepslate":1,"minecraft:beef":28,"supplementaries:cage":1,"minecraft:iron_boots":1,"projectvibrantjourneys:light_brown_bark_mushroom":1,"minecraft:stick":2,"minecraft:torch":2,"minecraft:white_bed":1,"artifacts:golden_hook":1,"minecraft:hay_block":43,"projectvibrantjourneys:orange_bark_mushroom":1,"minecraft:coal":70,"minecraft:cod":1,"minecraft:white_wool":9,"minecraft:cobblestone":119}},"DataVersion":3465}