{"stats":{"minecraft:dropped":{"minecraft:cooked_beef":7},"minecraft:used":{"minecraft:wooden_axe":67,"minecraft:stone_pickaxe":219,"minecraft:wooden_pickaxe":28,"minecraft:torch":7,"minecraft:dirt":1,"minecraft:cobblestone":36,"minecraft:crafting_table":2,"minecraft:furnace":1,"minecraft:andesite":2,"minecraft:cooked_beef":5},"minecraft:crafted":{"minecraft:cooked_beef":19,"minecraft:oak_planks":36,"minecraft:crafting_table":1,"minecraft:stick":16,"minecraft:wooden_pickaxe":1,"minecraft:stone_pickaxe":2,"minecraft:wooden_axe":1,"minecraft:furnace":1,"minecraft:torch":16},"minecraft:mined":{"minecraft:andesite":2,"projectvibrantjourneys:rocks":1,"minecraft:crafting_table":1,"minecraft:azure_bluet":1,"minecraft:grass":60,"projectvibrantjourneys:twigs":2,"minecraft:grass_block":4,"minecraft:oak_log":11,"minecraft:coal_ore":63,"projectvibrantjourneys:short_grass":13,"minecraft:dirt":11,"minecraft:tall_grass":37,"minecraft:stone":120,"projectvibrantjourneys:fallen_leaves":1,"minecraft:wall_torch":2},"minecraft:broken":{"minecraft:stone_pickaxe":1,"minecraft:wooden_axe":1},"minecraft:custom":{"minecraft:time_since_rest":0,"minecraft:interact_with_furnace":6,"minecraft:sprint_one_cm":75956,"minecraft:damage_taken":571,"minecraft:walk_one_cm":64000,"minecraft:mob_kills":13,"minecraft:drop":7,"minecraft:damage_dealt":1434,"minecraft:interact_with_crafting_table":7,"minecraft:fly_one_cm":34590,"minecraft:play_time":27929,"minecraft:deaths":1,"minecraft:sneak_time":73,"minecraft:jump":275,"minecraft:leave_game":4,"minecraft:time_since_death":0,"minecraft:total_world_time":27929,"minecraft:fall_one_cm":5468},"minecraft:killed":{"minecraft:zombie":1,"minecraft:cow":12},"minecraft:picked_up":{"projectvibrantjourneys:light_brown_bark_mushroom":1,"minecraft:stick":2,"minecraft:crafting_table":1,"minecraft:azure_bluet":1,"minecraft:andesite":2,"projectvibrantjourneys:fallen_leaves":1,"minecraft:leather":15,"minecraft:torch":2,"minecraft:oak_log":11,"minecraft:dirt":15,"minecraft:wheat_seeds":12,"minecraft:beef":23,"projectvibrantjourneys:orange_bark_mushroom":1,"minecraft:coal":63,"minecraft:cobblestone":116}},"DataVersion":3465}