{"stats":{"minecraft:broken":{"minecraft:stone_pickaxe":1,"minecraft:diamond_shovel":1,"minecraft:wooden_axe":1},"minecraft:mined":{"minecraft:white_bed":1,"minecraft:oak_sapling":1,"projectvibrantjourneys:rocks":4,"minecraft:grass_block":1107,"minecraft:soul_soil":1,"minecraft:coal_block":65,"minecraft:oxeye_daisy":18,"minecraft:hay_block":43,"minecraft:glowstone":17,"minecraft:polished_basalt":1,"minecraft:cobbled_deepslate":1,"minecraft:fire":6,"minecraft:andesite":3,"minecraft:azure_bluet":5,"supplementaries:stick":14,"minecraft:vine":1,"minecraft:shroomlight":5,"minecraft:dirt_path":1,"projectvibrantjourneys:seashells":2,"minecraft:stone":155,"minecraft:white_wool":9,"minecraft:glass_pane":1,"minecraft:crimson_nylium":5,"minecraft:basalt":3,"minecraft:dandelion":8,"minecraft:crafting_table":1,"minecraft:cornflower":23,"projectvibrantjourneys:twigs":22,"minecraft:poppy":2,"minecraft:chest":1,"projectvibrantjourneys:mossy_rocks":2,"minecraft:tall_grass":247,"minecraft:cobblestone":2,"projectvibrantjourneys:fallen_leaves":19,"supplementaries:cage":5,"minecraft:wall_torch":2,"minecraft:nether_wart_block":1,"minecraft:yellow_wool":9,"projectvibrantjourneys:bones":2,"minecraft:stone_brick_stairs":2,"minecraft:grass":923,"minecraft:oak_log":17,"minecraft:coal_ore":92,"projectvibrantjourneys:short_grass":149,"minecraft:gravel":1,"minecraft:sand":2,"minecraft:dirt":1783,"minecraft:stone_bricks":2,"minecraft:netherrack":16,"minecraft:oak_leaves":5},"minecraft:crafted":{"minecraft:oak_planks":88,"minecraft:raw_iron":72,"minecraft:iron_nugget":54,"minecraft:furnace":6,"sophisticatedbackpacks:crafting_upgrade":1,"minecraft:diamond_shovel":1,"minecraft:cooked_mutton":6,"minecraft:glass":2,"minecraft:iron_boots":1,"minecraft:stone_pickaxe":2,"minecraft:chest":5,"minecraft:wheat":315,"torchmaster:megatorch":1,"minecraft:cooked_beef":19,"create:andesite_alloy":18,"minecraft:diamond_sword":1,"sophisticatedbackpacks:backpack":2,"minecraft:cooked_porkchop":10,"minecraft:diamond_axe":1,"minecraft:crafting_table":2,"minecraft:iron_helmet":1,"minecraft:wooden_pickaxe":1,"minecraft:gold_block":2,"sophisticatedbackpacks:upgrade_base":1,"minecraft:bread":105,"minecraft:iron_chestplate":1,"minecraft:diamond_pickaxe":1,"minecraft:raw_gold":18,"minecraft:stick":24,"minecraft:iron_ingot":37,"minecraft:wooden_axe":1,"torchmaster:feral_flare_lantern":1,"minecraft:iron_leggings":1,"minecraft:gold_ingot":18,"create:mechanical_drill":6,"minecraft:torch":20},"minecraft:custom":{"minecraft:mob_kills":19,"minecraft:interact_with_crafting_table":39,"minecraft:damage_dealt_resisted":9,"minecraft:leave_game":15,"minecraft:time_since_death":106668,"minecraft:climb_one_cm":564,"minecraft:sprint_one_cm":432861,"minecraft:walk_one_cm":619768,"minecraft:drop":27,"minecraft:talked_to_villager":3,"minecraft:play_time":236091,"minecraft:deaths":8,"minecraft:sneak_time":7358,"minecraft:walk_under_water_one_cm":11762,"minecraft:jump":2618,"minecraft:interact_with_blast_furnace":3,"minecraft:walk_on_water_one_cm":15172,"minecraft:total_world_time":236091,"minecraft:interact_with_furnace":36,"minecraft:sleep_in_bed":6,"minecraft:time_since_rest":50732,"minecraft:damage_taken":4474,"minecraft:damage_dealt":2343,"minecraft:swim_one_cm":40382,"minecraft:fly_one_cm":425134,"minecraft:open_chest":92,"minecraft:crouch_one_cm":15119,"minecraft:fall_one_cm":100225},"minecraft:killed":{"minecraft:cod":1,"alexsmobs:crimson_mosquito":1,"minecraft:zombie":1,"minecraft:cow":15},"minecraft:picked_up":{"minecraft:crafting_table":1,"minecraft:iron_chestplate":1,"minecraft:azure_bluet":9,"minecraft:prismarine_shard":1,"minecraft:yellow_wool":9,"minecraft:stone_brick_stairs":2,"minecraft:cornflower":24,"minecraft:string":25,"minecraft:soul_soil":1,"minecraft:iron_leggings":1,"minecraft:shroomlight":4,"alexsmobs:blood_sac":1,"minecraft:cobbled_deepslate":3,"minecraft:beef":29,"minecraft:poppy":2,"supplementaries:cage":9,"minecraft:coal_block":65,"minecraft:chest":1,"minecraft:iron_boots":1,"minecraft:stick":46,"minecraft:torch":2,"create:andesite_casing":6,"minecraft:polished_basalt":1,"minecraft:hay_block":43,"minecraft:cobblestone":218,"minecraft:iron_bars":10,"minecraft:cod":1,"minecraft:white_wool":9,"minecraft:oxeye_daisy":16,"minecraft:basalt":2,"minecraft:cooked_beef":4,"minecraft:andesite":3,"projectvibrantjourneys:fallen_leaves":19,"minecraft:leather":24,"minecraft:flint":1,"minecraft:oak_log":24,"minecraft:nether_wart_block":1,"minecraft:dirt":2887,"minecraft:wheat_seeds":191,"minecraft:glowstone_dust":42,"projectvibrantjourneys:light_brown_bark_mushroom":1,"minecraft:dandelion":11,"minecraft:gravel":1,"minecraft:sand":2,"minecraft:white_bed":1,"artifacts:golden_hook":1,"projectvibrantjourneys:orange_bark_mushroom":1,"minecraft:oak_sapling":2,"minecraft:netherrack":81,"minecraft:coal":92,"minecraft:diamond_pickaxe":1},"minecraft:used":{"minecraft:flint_and_steel":1,"minecraft:chest":3,"minecraft:iron_sword":13,"minecraft:netherrack":8,"minecraft:stick":17,"minecraft:torch":7,"minecraft:dirt":204,"minecraft:wooden_axe":67,"projectvibrantjourneys:fallen_leaves":2,"better_mob_food:cooked_flesh":6,"torchmaster:feral_flare_lantern":1,"minecraft:beef":5,"minecraft:furnace":6,"torchmaster:megatorch":1,"minecraft:cooked_beef":9,"minecraft:cobbled_deepslate":1,"minecraft:iron_leggings":1,"minecraft:cooked_mutton":5,"minecraft:stone_pickaxe":219,"minecraft:wooden_pickaxe":28,"minecraft:diamond_axe":9,"minecraft:crafting_table":2,"minecraft:white_bed":1,"minecraft:cod":1,"minecraft:diamond_pickaxe":156,"supplementaries:cage":12,"minecraft:diamond_shovel":3341,"minecraft:bread":8,"minecraft:iron_pickaxe":46,"minecraft:cobblestone":134,"minecraft:cooked_porkchop":10,"minecraft:andesite":3},"minecraft:killed_by":{"minecraft:zombified_piglin":1},"minecraft:dropped":{"minecraft:bread":41,"minecraft:cooked_beef":7,"minecraft:flint":1,"minecraft:oxeye_daisy":16,"minecraft:dirt":9,"minecraft:cornflower":23,"create:mechanical_drill":6,"minecraft:dandelion":4,"minecraft:cobbled_deepslate":1,"sophisticatedbackpacks:backpack":1,"minecraft:azure_bluet":5,"minecraft:poppy":1,"minecraft:diamond_pickaxe":1,"minecraft:oak_sapling":1}},"DataVersion":3465}