{"stats":{"minecraft:broken":{"minecraft:stone_pickaxe":1,"minecraft:diamond_shovel":1,"minecraft:wooden_axe":1},"minecraft:crafted":{"minecraft:oak_planks":168,"minecraft:raw_iron":72,"minecraft:coal":578,"minecraft:oak_sign":3,"minecraft:iron_nugget":108,"minecraft:furnace":6,"sophisticatedbackpacks:crafting_upgrade":2,"minecraft:diamond_shovel":1,"minecraft:cooked_mutton":6,"minecraft:glass":2,"minecraft:iron_boots":1,"minecraft:iron_axe":1,"minecraft:stone_pickaxe":2,"minecraft:chest":11,"minecraft:rail":32,"create:mechanical_plough":1,"minecraft:wheat":315,"torchmaster:megatorch":1,"minecraft:minecart":1,"minecraft:cooked_beef":19,"minecraft:furnace_minecart":1,"create:andesite_alloy":30,"minecraft:diamond_sword":2,"sophisticatedbackpacks:backpack":4,"minecraft:cooked_porkchop":10,"minecraft:diamond_axe":1,"minecraft:crafting_table":3,"minecraft:iron_helmet":3,"minecraft:wooden_pickaxe":1,"minecraft:gold_block":2,"sophisticatedbackpacks:upgrade_base":2,"minecraft:bread":125,"minecraft:air":0,"minecraft:iron_chestplate":1,"minecraft:diamond_pickaxe":2,"minecraft:raw_gold":18,"minecraft:stick":36,"minecraft:iron_ingot":58,"minecraft:wooden_axe":1,"torchmaster:feral_flare_lantern":1,"minecraft:iron_leggings":2,"minecraft:gold_ingot":18,"create:mechanical_drill":6,"minecraft:torch":48},"minecraft:mined":{"minecraft:diamond_ore":2,"minecraft:white_bed":1,"minecraft:oak_sapling":1,"create:andesite_casing":3,"projectvibrantjourneys:rocks":6,"minecraft:obsidian":10,"minecraft:grass_block":1110,"minecraft:soul_soil":1,"minecraft:coal_block":65,"minecraft:oxeye_daisy":18,"minecraft:hay_block":43,"minecraft:glowstone":17,"minecraft:furnace":1,"minecraft:polished_basalt":1,"minecraft:iron_ore":5,"minecraft:cobbled_deepslate":1,"minecraft:fire":7,"minecraft:andesite":1031,"minecraft:azure_bluet":5,"supplementaries:stick":14,"minecraft:dirt_path":1,"minecraft:deepslate_iron_ore":4,"minecraft:shroomlight":5,"minecraft:vine":1,"minecraft:rail":1,"minecraft:stripped_oak_log":1,"projectvibrantjourneys:seashells":2,"minecraft:stone":165,"minecraft:white_wool":9,"minecraft:glass_pane":1,"minecraft:crimson_nylium":5,"minecraft:basalt":3,"minecraft:dandelion":8,"minecraft:cornflower":23,"minecraft:crafting_table":1,"projectvibrantjourneys:twigs":23,"minecraft:poppy":2,"minecraft:chest":1,"projectvibrantjourneys:mossy_rocks":2,"minecraft:nether_quartz_ore":36,"minecraft:copper_ore":6,"minecraft:tall_grass":264,"minecraft:cobblestone":2,"projectvibrantjourneys:fallen_leaves":19,"minecraft:wall_torch":2,"supplementaries:cage":7,"create:blaze_burner":1,"minecraft:nether_wart_block":1,"minecraft:yellow_wool":9,"projectvibrantjourneys:bones":2,"minecraft:stone_brick_stairs":2,"minecraft:grass":974,"minecraft:oak_log":83,"minecraft:coal_ore":92,"projectvibrantjourneys:short_grass":157,"minecraft:gravel":96,"minecraft:dirt":1784,"minecraft:sand":2,"minecraft:smooth_basalt":1,"minecraft:stone_bricks":2,"minecraft:netherrack":143,"minecraft:oak_leaves":11,"minecraft:deepslate":1},"minecraft:custom":{"minecraft:mob_kills":81,"minecraft:interact_with_crafting_table":64,"goblintraders:trade_with_goblin":9,"minecraft:damage_dealt_resisted":2749,"minecraft:leave_game":18,"minecraft:time_since_death":264094,"minecraft:climb_one_cm":1502,"minecraft:sprint_one_cm":735389,"minecraft:walk_one_cm":958297,"minecraft:drop":81,"minecraft:talked_to_villager":4,"minecraft:play_time":393517,"minecraft:sneak_time":8023,"minecraft:deaths":8,"minecraft:walk_under_water_one_cm":12730,"minecraft:jump":3673,"minecraft:interact_with_blast_furnace":3,"minecraft:walk_on_water_one_cm":20765,"minecraft:total_world_time":393517,"minecraft:interact_with_furnace":37,"minecraft:sleep_in_bed":6,"minecraft:time_since_rest":208158,"minecraft:damage_taken":6354,"minecraft:damage_dealt":3014,"minecraft:swim_one_cm":64014,"minecraft:fly_one_cm":565544,"minecraft:open_chest":153,"minecraft:crouch_one_cm":15877,"minecraft:fall_one_cm":135822},"minecraft:killed":{"minecraft:zombified_piglin":34,"minecraft:cod":1,"minecraft:phantom":13,"minecraft:skeleton":1,"alexsmobs:crimson_mosquito":1,"minecraft:zombie":2,"alexsmobs:fly":1,"minecraft:wither_skeleton":1,"minecraft:cow":15},"minecraft:picked_up":{"minecraft:iron_chestplate":1,"minecraft:crafting_table":1,"minecraft:azure_bluet":9,"minecraft:prismarine_shard":1,"minecraft:yellow_wool":9,"minecraft:stone_brick_stairs":2,"minecraft:golden_sword":2,"minecraft:cornflower":24,"minecraft:string":25,"minecraft:soul_soil":1,"minecraft:raw_copper":18,"minecraft:iron_axe":1,"minecraft:iron_leggings":1,"minecraft:shroomlight":4,"alexsmobs:blood_sac":1,"minecraft:gold_nugget":11,"minecraft:cobbled_deepslate":3,"minecraft:beef":29,"minecraft:poppy":2,"supplementaries:cage":11,"minecraft:coal_block":82,"minecraft:chest":1,"minecraft:birch_sapling":1,"minecraft:furnace":1,"minecraft:iron_boots":1,"minecraft:stick":65,"minecraft:raw_iron":9,"minecraft:torch":3,"create:andesite_casing":11,"pointblank:gunmetal_nugget":57,"create:hand_crank":1,"minecraft:rotten_flesh":18,"minecraft:polished_basalt":1,"minecraft:hay_block":43,"minecraft:obsidian":10,"minecraft:iron_bars":10,"minecraft:cod":1,"minecraft:rail":1,"minecraft:white_wool":9,"minecraft:cobblestone":230,"minecraft:oxeye_daisy":16,"create:iron_sheet":3,"minecraft:cooked_beef":4,"minecraft:basalt":2,"minecraft:andesite":1029,"projectvibrantjourneys:fallen_leaves":19,"minecraft:leather":28,"minecraft:flint":17,"minecraft:oak_log":90,"minecraft:nether_wart_block":1,"create:blaze_burner":2,"minecraft:dirt":2896,"create:mechanical_plough":1,"tacz:ammo_box":3,"minecraft:bone":5,"minecraft:apple":2,"minecraft:bow":1,"minecraft:wheat_seeds":200,"create:mechanical_drill":6,"minecraft:iron_ingot":8,"minecraft:glowstone_dust":42,"projectvibrantjourneys:light_brown_bark_mushroom":1,"minecraft:smooth_basalt":2,"create:cogwheel":2,"create:empty_blaze_burner":2,"minecraft:quartz":43,"minecraft:dandelion":11,"minecraft:gravel":80,"minecraft:sand":2,"sophisticatedbackpacks:iron_backpack":2,"minecraft:white_bed":1,"artifacts:golden_hook":1,"minecraft:diamond":2,"tacz:modern_kinetic_gun":1,"minecraft:bread":10,"alexsmobs:maggot":1,"projectvibrantjourneys:orange_bark_mushroom":1,"minecraft:oak_sapling":26,"minecraft:netherrack":203,"minecraft:coal":99,"minecraft:diamond_pickaxe":1},"minecraft:used":{"minecraft:flint_and_steel":2,"minecraft:oak_sign":1,"minecraft:chest":7,"minecraft:iron_sword":13,"minecraft:rotten_flesh":17,"minecraft:netherrack":89,"minecraft:stick":17,"minecraft:torch":8,"minecraft:dirt":208,"minecraft:furnace_minecart":1,"minecraft:wooden_axe":67,"projectvibrantjourneys:fallen_leaves":2,"minecraft:iron_axe":80,"better_mob_food:cooked_flesh":6,"torchmaster:feral_flare_lantern":1,"minecraft:beef":5,"minecraft:oak_sapling":1,"minecraft:furnace":6,"torchmaster:megatorch":1,"minecraft:cooked_beef":9,"minecraft:cobbled_deepslate":1,"minecraft:iron_leggings":1,"minecraft:cooked_mutton":6,"minecraft:stone_pickaxe":219,"minecraft:ender_pearl":2,"minecraft:wooden_pickaxe":28,"minecraft:diamond_axe":9,"create:blaze_burner":1,"minecraft:rail":2,"minecraft:crafting_table":2,"minecraft:white_bed":1,"minecraft:cod":1,"minecraft:oak_log":5,"minecraft:diamond_pickaxe":1393,"supplementaries:cage":18,"minecraft:diamond_shovel":3433,"minecraft:bread":45,"minecraft:iron_pickaxe":46,"minecraft:gravel":6,"minecraft:diamond_sword":18,"minecraft:cobblestone":137,"minecraft:cooked_porkchop":10,"minecraft:andesite":4},"minecraft:killed_by":{"minecraft:zombified_piglin":1},"minecraft:dropped":{"sophisticatedbackpacks:iron_backpack":1,"minecraft:iron_ingot":34,"minecraft:bread":41,"minecraft:wheat_seeds":6,"minecraft:cooked_beef":7,"minecraft:oak_log":36,"minecraft:iron_helmet":1,"minecraft:cobblestone":12,"minecraft:rail":31,"minecraft:stick":1,"minecraft:flint":1,"minecraft:oxeye_daisy":16,"minecraft:dirt":9,"minecraft:cornflower":24,"minecraft:gold_nugget":9,"minecraft:iron_axe":1,"create:mechanical_plough":2,"create:mechanical_drill":6,"minecraft:dandelion":4,"minecraft:iron_nugget":8,"minecraft:cobbled_deepslate":1,"minecraft:wheat":1,"sophisticatedbackpacks:backpack":1,"minecraft:azure_bluet":8,"minecraft:poppy":1,"minecraft:diamond_pickaxe":1,"minecraft:andesite":1,"minecraft:oak_sapling":1,"minecraft:raw_gold":2}},"DataVersion":3465}