{"stats":{"minecraft:used":{"minecraft:golden_sword":16,"minecraft:dirt":6,"minecraft:bread":1,"minecraft:cooked_porkchop":1,"minecraft:spruce_planks":2,"minecraft:spruce_log":1},"minecraft:crafted":{"minecraft:crafting_table":1,"minecraft:spruce_planks":20,"minecraft:stick":12,"minecraft:golden_sword":1},"minecraft:picked_up":{"minecraft:item_frame":1,"minecraft:white_carpet":1,"minecraft:cooked_porkchop":1,"minecraft:spruce_planks":5,"minecraft:hay_block":6,"minecraft:mushroom_stew":1,"minecraft:spruce_log":15,"minecraft:dirt":8,"minecraft:dark_oak_planks":2},"minecraft:mined":{"minecraft:dark_oak_planks":2,"minecraft:purple_bed":2,"minecraft:hay_block":6,"minecraft:grass_block":5,"minecraft:cyan_carpet":1,"minecraft:dirt":2,"minecraft:spruce_log":5,"minecraft:white_carpet":1},"minecraft:custom":{"minecraft:open_chest":4,"minecraft:time_since_rest":0,"minecraft:sprint_one_cm":24091,"minecraft:play_time":13186,"minecraft:walk_one_cm":46934,"minecraft:damage_taken":1022,"minecraft:deaths":3,"minecraft:walk_under_water_one_cm":3412,"minecraft:jump":91,"minecraft:eat_cake_slice":2,"minecraft:damage_dealt":370,"minecraft:walk_on_water_one_cm":1994,"minecraft:leave_game":2,"minecraft:time_since_death":0,"minecraft:total_world_time":13186,"minecraft:interact_with_crafting_table":1,"minecraft:fall_one_cm":3058,"minecraft:fly_one_cm":17592}},"DataVersion":3465}