{"stats":{"minecraft:used":{"minecraft:oak_sign":1,"minecraft:chest":19,"minecraft:iron_sword":13,"minecraft:rotten_flesh":17,"minecraft:carrot":33,"minecraft:furnace_minecart":1,"minecraft:furnace":6,"minecraft:oak_sapling":27,"minecraft:stone_pickaxe":219,"minecraft:oak_planks":31,"minecraft:ender_pearl":3,"minecraft:wooden_pickaxe":28,"minecraft:composter":7,"minecraft:diamond_axe":9,"minecraft:bread":155,"minecraft:gravel":6,"create:white_seat":1,"minecraft:diamond_sword":115,"minecraft:andesite":4,"minecraft:oak_boat":3,"minecraft:bone_meal":69,"minecraft:flint_and_steel":2,"minecraft:netherrack":112,"minecraft:stick":17,"minecraft:torch":97,"minecraft:dirt":363,"minecraft:iron_hoe":2,"minecraft:wooden_axe":67,"projectvibrantjourneys:fallen_leaves":2,"minecraft:iron_axe":140,"better_mob_food:cooked_flesh":6,"torchmaster:feral_flare_lantern":2,"minecraft:beef":5,"torchmaster:megatorch":1,"minecraft:cooked_beef":9,"minecraft:cobbled_deepslate":2,"minecraft:iron_leggings":1,"minecraft:cooked_mutton":6,"minecraft:water_bucket":6,"create:blaze_burner":1,"minecraft:rail":2,"minecraft:oak_slab":1,"minecraft:crafting_table":2,"minecraft:white_bed":2,"minecraft:cod":1,"minecraft:oak_log":5,"minecraft:diamond_pickaxe":1633,"supplementaries:cage":44,"minecraft:diamond_shovel":3527,"minecraft:iron_pickaxe":66,"minecraft:cobblestone":339,"minecraft:cooked_porkchop":10,"minecraft:bucket":6,"minecraft:yellow_bed":1},"minecraft:dropped":{"sophisticatedbackpacks:iron_backpack":1,"minecraft:brown_mushroom":4,"minecraft:cooked_beef":7,"minecraft:oak_log":36,"minecraft:rail":31,"minecraft:red_mushroom":2,"minecraft:flint":2,"minecraft:dirt":14,"minecraft:cornflower":24,"minecraft:gold_nugget":11,"minecraft:white_wool":1,"minecraft:iron_nugget":13,"minecraft:cobbled_deepslate":1,"minecraft:wheat":1,"minecraft:grindstone":1,"minecraft:azure_bluet":8,"minecraft:poppy":1,"minecraft:gunpowder":52,"minecraft:iron_bars":14,"minecraft:arrow":1,"minecraft:iron_ingot":76,"minecraft:bread":139,"minecraft:oak_slab":2,"minecraft:wheat_seeds":10,"minecraft:iron_helmet":1,"minecraft:cobblestone":14,"projectvibrantjourneys:rocks":2,"minecraft:stick":9,"minecraft:oxeye_daisy":16,"tacz:ammo_box":3,"minecraft:torch":1,"tacz:modern_kinetic_gun":1,"minecraft:iron_axe":1,"create:mechanical_plough":2,"create:mechanical_drill":6,"minecraft:string":5,"minecraft:dandelion":4,"alexsmobs:maggot":1,"sophisticatedbackpacks:backpack":1,"minecraft:diamond_pickaxe":1,"minecraft:andesite":1,"minecraft:oak_sapling":7,"minecraft:golden_sword":1,"minecraft:raw_gold":2},"minecraft:crafted":{"minecraft:oak_planks":288,"minecraft:oak_sign":3,"supplementaries:soap":6,"minecraft:diamond_shovel":1,"sophisticatedbackpacks:crafting_upgrade":2,"minecraft:cooked_mutton":6,"minecraft:iron_bars":16,"minecraft:glass":4,"minecraft:iron_boots":1,"minecraft:chest":19,"minecraft:rail":32,"torchmaster:megatorch":1,"create:mechanical_plough":1,"minecraft:furnace_minecart":1,"minecraft:oak_slab":12,"sophisticatedbackpacks:backpack":4,"minecraft:emerald":72,"minecraft:cooked_porkchop":10,"minecraft:diamond_axe":1,"minecraft:crafting_table":3,"minecraft:wooden_pickaxe":1,"minecraft:iron_helmet":3,"supplementaries:cage":3,"minecraft:gold_block":2,"sophisticatedbackpacks:upgrade_base":2,"minecraft:iron_chestplate":1,"minecraft:charcoal":24,"minecraft:diamond_pickaxe":3,"minecraft:stick":36,"create:white_seat":1,"minecraft:iron_ingot":192,"minecraft:gold_ingot":27,"minecraft:coal":578,"minecraft:raw_iron":72,"minecraft:iron_nugget":117,"minecraft:furnace":6,"minecraft:bone_meal":69,"minecraft:iron_axe":1,"minecraft:iron_hoe":1,"minecraft:stone_pickaxe":2,"minecraft:minecart":1,"minecraft:wheat":315,"minecraft:cooked_beef":19,"create:andesite_alloy":30,"minecraft:diamond_sword":2,"minecraft:bread":401,"minecraft:air":0,"minecraft:oak_boat":3,"minecraft:raw_gold":18,"minecraft:gunpowder":24,"supplementaries:bubble_blower":2,"minecraft:wooden_axe":1,"torchmaster:feral_flare_lantern":2,"minecraft:iron_leggings":2,"create:mechanical_drill":6,"minecraft:torch":48},"minecraft:killed_by":{"minecraft:zombified_piglin":1},"minecraft:mined":{"minecraft:spruce_planks":3,"minecraft:white_bed":2,"minecraft:oak_sapling":21,"create:andesite_casing":3,"minecraft:obsidian":10,"minecraft:granite":2,"minecraft:grass_block":1118,"minecraft:soul_soil":1,"minecraft:coal_block":65,"minecraft:composter":7,"minecraft:oxeye_daisy":18,"minecraft:spawner":3,"minecraft:glowstone":17,"supplementaries:ash":2,"minecraft:iron_ore":66,"minecraft:cobbled_deepslate":1,"minecraft:fire":7,"minecraft:azure_bluet":5,"supplementaries:stick":14,"minecraft:dirt_path":1,"minecraft:crimson_nylium":5,"minecraft:torch":37,"projectvibrantjourneys:twigs":23,"minecraft:poppy":2,"minecraft:chest":3,"minecraft:nether_quartz_ore":36,"minecraft:cobblestone":3,"minecraft:bricks":3,"minecraft:grindstone":1,"projectvibrantjourneys:fallen_leaves":19,"minecraft:oak_planks":2,"minecraft:wall_torch":4,"minecraft:nether_wart_block":1,"minecraft:yellow_wool":9,"minecraft:wheat":2,"projectvibrantjourneys:bones":2,"minecraft:stone_brick_stairs":2,"minecraft:grass":1006,"minecraft:oak_log":121,"projectvibrantjourneys:short_grass":168,"minecraft:sand":4,"minecraft:dirt":1879,"minecraft:smooth_basalt":1,"minecraft:netherrack":143,"minecraft:oak_leaves":18,"minecraft:deepslate":16,"minecraft:diamond_ore":2,"minecraft:mossy_cobblestone":1,"minecraft:deepslate_diamond_ore":10,"projectvibrantjourneys:rocks":7,"minecraft:hay_block":43,"minecraft:furnace":1,"minecraft:carrots":43,"minecraft:polished_basalt":1,"minecraft:andesite":1046,"minecraft:rail":1,"minecraft:potatoes":1,"minecraft:deepslate_iron_ore":6,"minecraft:shroomlight":5,"minecraft:vine":2,"minecraft:stripped_oak_log":1,"projectvibrantjourneys:seashells":2,"minecraft:stone":238,"minecraft:white_wool":9,"minecraft:podzol":1,"minecraft:oak_slab":1,"minecraft:glass_pane":1,"minecraft:basalt":3,"minecraft:dandelion":8,"minecraft:crafting_table":1,"minecraft:cornflower":23,"projectvibrantjourneys:mossy_rocks":3,"minecraft:tall_grass":281,"minecraft:copper_ore":6,"supplementaries:cage":19,"supplementaries:urn":1,"create:blaze_burner":1,"minecraft:coarse_dirt":1,"minecraft:birch_leaves":7,"minecraft:yellow_bed":1,"minecraft:coal_ore":100,"minecraft:gravel":104,"minecraft:cobweb":1,"minecraft:terracotta":7,"minecraft:polished_andesite":2,"minecraft:stone_bricks":2,"minecraft:gold_ore":6},"minecraft:broken":{"minecraft:stone_pickaxe":1,"minecraft:diamond_shovel":1,"minecraft:wooden_axe":1,"minecraft:iron_helmet":1},"minecraft:custom":{"minecraft:interact_with_crafting_table":87,"minecraft:open_barrel":23,"goblintraders:trade_with_goblin":151,"minecraft:leave_game":24,"minecraft:time_since_death":477718,"minecraft:sprint_one_cm":1175674,"minecraft:drop":121,"minecraft:talked_to_villager":26,"minecraft:play_time":607141,"minecraft:deaths":8,"minecraft:jump":7517,"minecraft:walk_on_water_one_cm":54090,"minecraft:interact_with_furnace":58,"minecraft:traded_with_villager":46,"minecraft:sleep_in_bed":19,"minecraft:damage_dealt":7188,"minecraft:crouch_one_cm":17467,"minecraft:mob_kills":131,"minecraft:damage_dealt_resisted":3118,"minecraft:climb_one_cm":25419,"minecraft:walk_one_cm":1474123,"minecraft:sneak_time":9872,"minecraft:walk_under_water_one_cm":85423,"minecraft:boat_one_cm":68814,"minecraft:interact_with_blast_furnace":3,"minecraft:total_world_time":607141,"minecraft:time_since_rest":30094,"minecraft:damage_taken":11094,"minecraft:swim_one_cm":151732,"minecraft:fly_one_cm":894125,"minecraft:open_chest":235,"minecraft:fall_one_cm":194281},"minecraft:killed":{"minecraft:zombified_piglin":34,"minecraft:spider":4,"minecraft:cod":1,"minecraft:skeleton":14,"artifacts:mimic":1,"minecraft:pig":1,"minecraft:creeper":3,"alexsmobs:crimson_mosquito":1,"minecraft:zombie":12,"alexsmobs:fly":1,"mutantmonsters:mutant_creeper":1,"minecraft:cow":15,"minecraft:phantom":20,"minecraft:drowned":1,"minecraft:bat":3,"mutantmonsters:creeper_minion":1,"minecraft:wither_skeleton":1,"minecraft:enderman":1},"minecraft:picked_up":{"minecraft:iron_chestplate":1,"minecraft:yellow_wool":9,"minecraft:prismarine_shard":1,"minecraft:lead":1,"minecraft:stone_brick_stairs":2,"minecraft:golden_sword":2,"minecraft:string":27,"minecraft:soul_soil":1,"minecraft:raw_copper":18,"minecraft:iron_leggings":1,"minecraft:shroomlight":4,"alexsmobs:blood_sac":1,"minecraft:gold_nugget":11,"minecraft:cobbled_deepslate":35,"minecraft:spruce_planks":3,"minecraft:coal_block":82,"minecraft:furnace":1,"minecraft:iron_boots":1,"minecraft:stick":73,"minecraft:composter":7,"minecraft:torch":65,"create:andesite_casing":11,"minecraft:porkchop":2,"minecraft:rotten_flesh":27,"minecraft:polished_basalt":1,"supplementaries:ash":18,"minecraft:obsidian":10,"minecraft:iron_bars":24,"minecraft:cod":1,"minecraft:cobblestone":297,"minecraft:cooked_beef":4,"minecraft:water_bucket":1,"minecraft:andesite":1029,"projectvibrantjourneys:fallen_leaves":19,"minecraft:potato":4,"minecraft:flint":18,"minecraft:tuff":2,"supplementaries:flax_seeds":1,"projectvibrantjourneys:rocks":2,"minecraft:dirt":3002,"create:mechanical_plough":1,"tacz:ammo_box":7,"minecraft:bone":24,"minecraft:bow":2,"minecraft:wheat_seeds":205,"create:mechanical_drill":6,"minecraft:raw_gold":6,"minecraft:grindstone":1,"minecraft:glowstone_dust":42,"minecraft:oak_planks":2,"create:cogwheel":2,"create:empty_blaze_burner":2,"minecraft:sand":4,"sophisticatedbackpacks:iron_backpack":2,"minecraft:polished_andesite":2,"minecraft:sugar":16,"minecraft:diamond":14,"artifacts:golden_hook":1,"minecraft:granite":2,"minecraft:bread":10,"alexsmobs:maggot":1,"minecraft:oak_sapling":58,"minecraft:bricks":3,"minecraft:netherrack":203,"minecraft:diamond_pickaxe":1,"minecraft:crafting_table":1,"minecraft:azure_bluet":9,"minecraft:ladder":2,"minecraft:brown_mushroom":4,"minecraft:cornflower":24,"minecraft:iron_axe":1,"minecraft:beef":29,"minecraft:oak_boat":1,"minecraft:iron_nugget":5,"minecraft:poppy":2,"supplementaries:cage":23,"minecraft:chest":3,"minecraft:birch_sapling":1,"minecraft:raw_iron":76,"pointblank:gunmetal_nugget":107,"create:hand_crank":1,"minecraft:carrot":120,"minecraft:arrow":10,"minecraft:hay_block":43,"minecraft:white_wool":9,"minecraft:rail":1,"minecraft:oxeye_daisy":16,"create:iron_sheet":3,"minecraft:basalt":2,"minecraft:leather":28,"minecraft:red_mushroom":2,"minecraft:oak_log":144,"minecraft:nether_wart_block":1,"minecraft:yellow_bed":1,"minecraft:gunpowder":15,"create:blaze_burner":2,"minecraft:apple":2,"minecraft:iron_ingot":8,"artifacts:kitty_slippers":1,"projectvibrantjourneys:light_brown_bark_mushroom":2,"minecraft:oak_slab":3,"minecraft:smooth_basalt":2,"minecraft:quartz":43,"minecraft:dandelion":11,"minecraft:gravel":311,"minecraft:white_bed":2,"minecraft:spider_eye":4,"tacz:modern_kinetic_gun":2,"minecraft:terracotta":8,"projectvibrantjourneys:orange_bark_mushroom":1,"minecraft:coal":107,"minecraft:ender_pearl":1}},"DataVersion":3465}