{"stats":{"minecraft:broken":{"minecraft:stone_pickaxe":1,"minecraft:diamond_shovel":1,"minecraft:wooden_axe":1},"minecraft:mined":{"minecraft:white_bed":1,"minecraft:oak_sapling":1,"projectvibrantjourneys:rocks":6,"minecraft:obsidian":10,"minecraft:grass_block":1108,"minecraft:soul_soil":1,"minecraft:coal_block":65,"minecraft:oxeye_daisy":18,"minecraft:hay_block":43,"minecraft:glowstone":17,"minecraft:polished_basalt":1,"minecraft:cobbled_deepslate":1,"minecraft:fire":7,"minecraft:andesite":3,"minecraft:azure_bluet":5,"supplementaries:stick":14,"minecraft:shroomlight":5,"minecraft:vine":1,"minecraft:dirt_path":1,"projectvibrantjourneys:seashells":2,"minecraft:stone":155,"minecraft:white_wool":9,"minecraft:glass_pane":1,"minecraft:crimson_nylium":5,"minecraft:basalt":3,"minecraft:dandelion":8,"minecraft:crafting_table":1,"minecraft:cornflower":23,"projectvibrantjourneys:twigs":23,"minecraft:poppy":2,"minecraft:chest":1,"projectvibrantjourneys:mossy_rocks":2,"minecraft:nether_quartz_ore":36,"minecraft:tall_grass":254,"minecraft:cobblestone":2,"projectvibrantjourneys:fallen_leaves":19,"supplementaries:cage":5,"minecraft:wall_torch":2,"create:blaze_burner":1,"minecraft:nether_wart_block":1,"minecraft:yellow_wool":9,"projectvibrantjourneys:bones":2,"minecraft:stone_brick_stairs":2,"minecraft:grass":959,"minecraft:oak_log":33,"minecraft:coal_ore":92,"projectvibrantjourneys:short_grass":151,"minecraft:gravel":1,"minecraft:sand":2,"minecraft:dirt":1783,"minecraft:stone_bricks":2,"minecraft:netherrack":129,"minecraft:oak_leaves":7},"minecraft:crafted":{"minecraft:oak_planks":132,"minecraft:raw_iron":72,"minecraft:coal":578,"minecraft:iron_nugget":54,"minecraft:furnace":6,"sophisticatedbackpacks:crafting_upgrade":2,"minecraft:diamond_shovel":1,"minecraft:cooked_mutton":6,"minecraft:glass":2,"minecraft:iron_boots":1,"minecraft:iron_axe":1,"minecraft:stone_pickaxe":2,"minecraft:chest":9,"minecraft:wheat":315,"torchmaster:megatorch":1,"minecraft:cooked_beef":19,"create:andesite_alloy":18,"minecraft:diamond_sword":2,"sophisticatedbackpacks:backpack":4,"minecraft:cooked_porkchop":10,"minecraft:diamond_axe":1,"minecraft:crafting_table":3,"minecraft:iron_helmet":3,"minecraft:wooden_pickaxe":1,"minecraft:gold_block":2,"sophisticatedbackpacks:upgrade_base":2,"minecraft:bread":125,"minecraft:iron_chestplate":1,"minecraft:diamond_pickaxe":2,"minecraft:raw_gold":18,"minecraft:stick":36,"minecraft:iron_ingot":37,"minecraft:wooden_axe":1,"torchmaster:feral_flare_lantern":1,"minecraft:iron_leggings":2,"minecraft:gold_ingot":18,"create:mechanical_drill":6,"minecraft:torch":20},"minecraft:custom":{"minecraft:mob_kills":80,"minecraft:interact_with_crafting_table":50,"minecraft:damage_dealt_resisted":2749,"minecraft:leave_game":17,"minecraft:time_since_death":187890,"minecraft:climb_one_cm":564,"minecraft:sprint_one_cm":604496,"minecraft:walk_one_cm":793381,"minecraft:drop":53,"minecraft:talked_to_villager":4,"minecraft:play_time":317313,"minecraft:sneak_time":7687,"minecraft:deaths":8,"minecraft:walk_under_water_one_cm":12730,"minecraft:jump":3181,"minecraft:interact_with_blast_furnace":3,"minecraft:walk_on_water_one_cm":16973,"minecraft:total_world_time":317313,"minecraft:interact_with_furnace":37,"minecraft:sleep_in_bed":6,"minecraft:time_since_rest":131954,"minecraft:damage_taken":6274,"minecraft:damage_dealt":2956,"minecraft:swim_one_cm":64014,"minecraft:fly_one_cm":512567,"minecraft:open_chest":131,"minecraft:crouch_one_cm":15433,"minecraft:fall_one_cm":129303},"minecraft:killed":{"minecraft:zombified_piglin":34,"minecraft:cod":1,"minecraft:phantom":13,"minecraft:skeleton":1,"alexsmobs:crimson_mosquito":1,"minecraft:zombie":2,"minecraft:wither_skeleton":1,"minecraft:cow":15},"minecraft:picked_up":{"minecraft:iron_chestplate":1,"minecraft:crafting_table":1,"minecraft:azure_bluet":9,"minecraft:prismarine_shard":1,"minecraft:yellow_wool":9,"minecraft:stone_brick_stairs":2,"minecraft:golden_sword":2,"minecraft:cornflower":24,"minecraft:string":25,"minecraft:soul_soil":1,"minecraft:iron_axe":1,"minecraft:iron_leggings":1,"minecraft:shroomlight":4,"alexsmobs:blood_sac":1,"minecraft:gold_nugget":11,"minecraft:cobbled_deepslate":3,"minecraft:beef":29,"minecraft:poppy":2,"supplementaries:cage":9,"minecraft:coal_block":82,"minecraft:chest":1,"minecraft:birch_sapling":1,"minecraft:iron_boots":1,"minecraft:stick":52,"minecraft:torch":3,"create:andesite_casing":6,"pointblank:gunmetal_nugget":57,"minecraft:rotten_flesh":18,"minecraft:polished_basalt":1,"minecraft:hay_block":43,"minecraft:cobblestone":222,"minecraft:obsidian":10,"minecraft:iron_bars":10,"minecraft:cod":1,"minecraft:white_wool":9,"minecraft:oxeye_daisy":16,"minecraft:cooked_beef":4,"minecraft:basalt":2,"minecraft:andesite":3,"projectvibrantjourneys:fallen_leaves":19,"minecraft:leather":28,"minecraft:flint":1,"minecraft:oak_log":40,"minecraft:nether_wart_block":1,"create:blaze_burner":1,"minecraft:dirt":2893,"tacz:ammo_box":3,"minecraft:bone":5,"minecraft:bow":1,"minecraft:wheat_seeds":197,"minecraft:iron_ingot":3,"minecraft:glowstone_dust":42,"projectvibrantjourneys:light_brown_bark_mushroom":1,"minecraft:smooth_basalt":1,"create:empty_blaze_burner":2,"minecraft:quartz":43,"minecraft:dandelion":11,"minecraft:gravel":1,"minecraft:sand":2,"sophisticatedbackpacks:iron_backpack":1,"minecraft:white_bed":1,"artifacts:golden_hook":1,"tacz:modern_kinetic_gun":1,"minecraft:bread":10,"projectvibrantjourneys:orange_bark_mushroom":1,"minecraft:oak_sapling":8,"minecraft:netherrack":188,"minecraft:coal":99,"minecraft:diamond_pickaxe":1},"minecraft:used":{"minecraft:flint_and_steel":1,"minecraft:chest":5,"minecraft:iron_sword":13,"minecraft:rotten_flesh":17,"minecraft:netherrack":75,"minecraft:stick":17,"minecraft:torch":7,"minecraft:dirt":205,"minecraft:wooden_axe":67,"projectvibrantjourneys:fallen_leaves":2,"minecraft:iron_axe":12,"better_mob_food:cooked_flesh":6,"torchmaster:feral_flare_lantern":1,"minecraft:beef":5,"minecraft:furnace":6,"torchmaster:megatorch":1,"minecraft:cooked_beef":9,"minecraft:cobbled_deepslate":1,"minecraft:iron_leggings":1,"minecraft:cooked_mutton":6,"minecraft:stone_pickaxe":219,"minecraft:ender_pearl":2,"minecraft:wooden_pickaxe":28,"minecraft:diamond_axe":9,"create:blaze_burner":1,"minecraft:crafting_table":2,"minecraft:white_bed":1,"minecraft:cod":1,"minecraft:diamond_pickaxe":316,"supplementaries:cage":14,"minecraft:diamond_shovel":3341,"minecraft:bread":39,"minecraft:iron_pickaxe":46,"minecraft:diamond_sword":11,"minecraft:cobblestone":134,"minecraft:cooked_porkchop":10,"minecraft:andesite":3},"minecraft:killed_by":{"minecraft:zombified_piglin":1},"minecraft:dropped":{"minecraft:iron_ingot":19,"minecraft:bread":41,"minecraft:wheat_seeds":6,"minecraft:cooked_beef":7,"minecraft:iron_helmet":1,"minecraft:stick":1,"minecraft:flint":1,"minecraft:oxeye_daisy":16,"minecraft:dirt":9,"minecraft:cornflower":24,"minecraft:iron_axe":1,"create:mechanical_drill":6,"minecraft:dandelion":4,"minecraft:cobbled_deepslate":1,"sophisticatedbackpacks:backpack":1,"minecraft:azure_bluet":8,"minecraft:poppy":1,"minecraft:diamond_pickaxe":1,"minecraft:oak_sapling":1,"minecraft:raw_gold":2}},"DataVersion":3465}