{"stats":{"minecraft:broken":{"minecraft:stone_pickaxe":1,"minecraft:diamond_shovel":1,"minecraft:wooden_axe":1,"minecraft:iron_helmet":1},"minecraft:crafted":{"minecraft:oak_planks":292,"minecraft:oak_sign":3,"supplementaries:soap":6,"minecraft:diamond_shovel":1,"sophisticatedbackpacks:crafting_upgrade":2,"minecraft:cooked_mutton":6,"minecraft:iron_bars":16,"minecraft:glass":4,"minecraft:iron_boots":5,"minecraft:raw_copper":90,"minecraft:chest":19,"minecraft:rail":32,"torchmaster:megatorch":1,"create:mechanical_plough":1,"minecraft:furnace_minecart":1,"minecraft:oak_slab":18,"sophisticatedbackpacks:backpack":4,"minecraft:emerald":72,"minecraft:cooked_porkchop":10,"minecraft:diamond_axe":2,"minecraft:crafting_table":3,"minecraft:iron_helmet":5,"minecraft:wooden_pickaxe":1,"minecraft:brown_dye":4,"supplementaries:cage":4,"minecraft:copper_ingot":4,"minecraft:gold_block":2,"sophisticatedbackpacks:upgrade_base":2,"minecraft:iron_chestplate":4,"minecraft:diamond_pickaxe":4,"minecraft:charcoal":24,"minecraft:stick":40,"create:white_seat":1,"minecraft:iron_ingot":192,"minecraft:gold_ingot":27,"minecraft:composter":1,"minecraft:raw_iron":72,"minecraft:coal":578,"minecraft:iron_nugget":117,"minecraft:furnace":6,"minecraft:bone_meal":81,"minecraft:iron_axe":1,"minecraft:iron_hoe":1,"minecraft:stone_pickaxe":2,"minecraft:minecart":1,"minecraft:wheat":315,"minecraft:cooked_beef":19,"create:andesite_alloy":30,"minecraft:diamond_sword":3,"minecraft:orange_dye":1,"minecraft:bread":497,"minecraft:air":0,"minecraft:oak_boat":3,"minecraft:raw_gold":18,"minecraft:gunpowder":24,"supplementaries:bubble_blower":3,"minecraft:wooden_axe":1,"torchmaster:feral_flare_lantern":2,"minecraft:iron_leggings":5,"create:mechanical_drill":6,"minecraft:torch":48},"minecraft:mined":{"minecraft:spruce_planks":11,"minecraft:white_bed":2,"minecraft:oak_sapling":21,"create:andesite_casing":3,"minecraft:obsidian":12,"minecraft:granite":2,"minecraft:grass_block":1121,"minecraft:soul_soil":1,"minecraft:coal_block":65,"minecraft:composter":7,"minecraft:oxeye_daisy":18,"minecraft:gilded_blackstone":5,"minecraft:spawner":7,"minecraft:glowstone":17,"supplementaries:ash":2,"minecraft:iron_ore":73,"minecraft:cobbled_deepslate":1,"minecraft:fire":15,"minecraft:granite_slab":12,"minecraft:azure_bluet":5,"supplementaries:stick":14,"minecraft:dirt_path":1,"minecraft:spruce_slab":1,"minecraft:red_bed":2,"minecraft:crimson_nylium":5,"minecraft:torch":37,"minecraft:dark_oak_wood":1,"projectvibrantjourneys:twigs":23,"minecraft:poppy":2,"minecraft:chest":3,"minecraft:nether_quartz_ore":36,"minecraft:cobblestone":6,"minecraft:grindstone":1,"projectvibrantjourneys:fallen_leaves":19,"minecraft:oak_planks":3,"minecraft:bricks":3,"minecraft:wall_torch":4,"minecraft:pink_petals":1,"minecraft:dark_oak_slab":1,"minecraft:nether_wart_block":1,"minecraft:yellow_wool":9,"minecraft:wheat":2,"projectvibrantjourneys:bones":3,"minecraft:stone_brick_stairs":2,"minecraft:grass":1082,"minecraft:oak_log":186,"projectvibrantjourneys:short_grass":182,"minecraft:sand":5,"minecraft:dirt":1888,"minecraft:smooth_basalt":1,"minecraft:netherrack":143,"minecraft:oak_leaves":21,"minecraft:deepslate":16,"minecraft:diamond_ore":2,"minecraft:mossy_cobblestone":1,"minecraft:deepslate_diamond_ore":10,"projectvibrantjourneys:rocks":9,"minecraft:brick_stairs":2,"minecraft:hay_block":62,"minecraft:furnace":1,"minecraft:carrots":43,"minecraft:polished_basalt":1,"minecraft:andesite":1046,"minecraft:gold_block":2,"minecraft:mossy_stone_brick_stairs":1,"minecraft:potatoes":1,"minecraft:deepslate_iron_ore":6,"minecraft:shroomlight":5,"minecraft:vine":2,"minecraft:rail":1,"minecraft:stripped_oak_log":1,"minecraft:bamboo":1,"projectvibrantjourneys:seashells":2,"minecraft:stone":263,"minecraft:white_wool":9,"minecraft:podzol":1,"minecraft:oak_slab":1,"minecraft:acacia_leaves":2,"minecraft:glass_pane":1,"minecraft:basalt":3,"minecraft:dandelion":8,"minecraft:crafting_table":1,"minecraft:cornflower":23,"minecraft:andesite_slab":1,"projectvibrantjourneys:mossy_rocks":3,"minecraft:stone_slab":1,"minecraft:tall_grass":319,"minecraft:copper_ore":6,"supplementaries:cage":20,"supplementaries:urn":1,"minecraft:spruce_stairs":2,"create:blaze_burner":1,"minecraft:coarse_dirt":1,"minecraft:birch_leaves":25,"minecraft:yellow_bed":2,"minecraft:coal_ore":100,"minecraft:gravel":104,"minecraft:cobweb":2,"minecraft:terracotta":9,"minecraft:stone_bricks":4,"minecraft:polished_andesite":10,"minecraft:gold_ore":6},"minecraft:custom":{"minecraft:interact_with_crafting_table":90,"minecraft:open_barrel":28,"goblintraders:trade_with_goblin":151,"minecraft:leave_game":28,"minecraft:time_since_death":96154,"minecraft:sprint_one_cm":1550081,"minecraft:drop":174,"minecraft:talked_to_villager":29,"minecraft:play_time":750423,"minecraft:deaths":11,"minecraft:jump":9878,"minecraft:walk_on_water_one_cm":84579,"minecraft:interact_with_furnace":58,"minecraft:traded_with_villager":62,"minecraft:sleep_in_bed":19,"minecraft:damage_dealt":9780,"minecraft:crouch_one_cm":24503,"minecraft:mob_kills":167,"minecraft:damage_dealt_resisted":3687,"minecraft:climb_one_cm":32217,"minecraft:walk_one_cm":1777866,"minecraft:sneak_time":14770,"minecraft:walk_under_water_one_cm":138356,"minecraft:boat_one_cm":68814,"minecraft:interact_with_blast_furnace":6,"minecraft:total_world_time":750423,"minecraft:time_since_rest":97330,"minecraft:damage_taken":17092,"minecraft:swim_one_cm":325024,"minecraft:fly_one_cm":1226463,"minecraft:open_chest":301,"minecraft:fall_one_cm":264343},"minecraft:killed":{"minecraft:zombified_piglin":34,"minecraft:spider":5,"minecraft:cod":1,"minecraft:skeleton":27,"artifacts:mimic":1,"minecraft:pig":1,"alexsmobs:grizzly_bear":1,"minecraft:creeper":6,"alexsmobs:crimson_mosquito":1,"minecraft:zombie":21,"alexsmobs:fly":1,"mutantmonsters:mutant_creeper":1,"minecraft:cow":18,"minecraft:phantom":26,"minecraft:drowned":1,"minecraft:bat":3,"mutantmonsters:creeper_minion":1,"minecraft:wither_skeleton":1,"minecraft:enderman":1},"minecraft:picked_up":{"minecraft:iron_chestplate":5,"minecraft:yellow_wool":9,"minecraft:prismarine_shard":1,"minecraft:lead":1,"minecraft:diamond_sword":3,"minecraft:enchanted_book":2,"minecraft:stone_brick_stairs":2,"minecraft:golden_sword":2,"minecraft:string":27,"minecraft:soul_soil":1,"minecraft:raw_copper":18,"minecraft:iron_leggings":4,"minecraft:shroomlight":4,"alexsmobs:blood_sac":1,"minecraft:gold_nugget":11,"minecraft:cobbled_deepslate":35,"minecraft:bucket":4,"minecraft:spruce_planks":21,"minecraft:ender_eye":2,"minecraft:coal_block":82,"minecraft:furnace":1,"minecraft:iron_boots":6,"minecraft:stick":90,"minecraft:composter":7,"minecraft:torch":65,"create:andesite_casing":11,"minecraft:spruce_stairs":2,"minecraft:porkchop":2,"minecraft:rotten_flesh":29,"minecraft:honey_bottle":32,"minecraft:polished_basalt":1,"supplementaries:ash":18,"minecraft:obsidian":11,"minecraft:iron_bars":54,"minecraft:cod":1,"minecraft:cobblestone":521,"minecraft:pink_petals":1,"minecraft:cooked_beef":4,"minecraft:water_bucket":1,"minecraft:andesite":1029,"projectvibrantjourneys:fallen_leaves":19,"minecraft:potato":4,"minecraft:flint":18,"minecraft:tuff":2,"supplementaries:flax_seeds":1,"projectvibrantjourneys:rocks":2,"minecraft:lapis_lazuli":32,"minecraft:dirt":3013,"create:mechanical_plough":1,"tacz:ammo_box":16,"minecraft:bone":77,"minecraft:bow":4,"minecraft:wheat_seeds":219,"create:mechanical_drill":6,"minecraft:raw_gold":6,"minecraft:grindstone":1,"minecraft:glowstone_dust":43,"minecraft:bamboo":8,"minecraft:oak_planks":3,"minecraft:mossy_stone_brick_stairs":1,"create:cogwheel":2,"create:empty_blaze_burner":2,"minecraft:sand":5,"minecraft:granite_slab":48,"sophisticatedbackpacks:iron_backpack":2,"minecraft:ink_sac":3,"minecraft:iron_hoe":2,"minecraft:polished_andesite":24,"minecraft:sugar":16,"artifacts:golden_hook":1,"minecraft:diamond":33,"minecraft:granite":4,"minecraft:emerald":6,"minecraft:bread":170,"alexsmobs:maggot":1,"minecraft:oak_sapling":78,"minecraft:netherrack":203,"minecraft:bricks":3,"minecraft:andesite_slab":4,"minecraft:diamond_pickaxe":4,"minecraft:crafting_table":1,"minecraft:azure_bluet":9,"minecraft:ladder":6,"minecraft:brown_mushroom":4,"minecraft:gold_block":2,"minecraft:cornflower":24,"minecraft:red_bed":2,"minecraft:acacia_door":2,"minecraft:iron_axe":3,"minecraft:flint_and_steel":3,"tacz:ammo":60,"minecraft:beef":47,"minecraft:oak_boat":1,"minecraft:iron_nugget":5,"minecraft:poppy":2,"minecraft:spruce_slab":1,"supplementaries:cage":24,"minecraft:chest":3,"minecraft:birch_sapling":1,"minecraft:raw_iron":83,"projectvibrantjourneys:bark_mushroom":3,"sophisticatedbackpacks:backpack":3,"pointblank:gunmetal_nugget":147,"create:hand_crank":1,"minecraft:carrot":120,"minecraft:arrow":23,"minecraft:hay_block":61,"minecraft:gold_ingot":28,"minecraft:brick_stairs":1,"minecraft:rail":1,"minecraft:white_wool":9,"minecraft:oxeye_daisy":16,"create:iron_sheet":3,"minecraft:basalt":2,"minecraft:leather":32,"minecraft:red_mushroom":2,"minecraft:oak_log":231,"minecraft:nether_wart_block":1,"minecraft:yellow_bed":2,"minecraft:gunpowder":33,"create:blaze_burner":2,"minecraft:stone_bricks":2,"minecraft:apple":3,"minecraft:iron_ingot":64,"artifacts:kitty_slippers":4,"minecraft:oak_slab":3,"projectvibrantjourneys:light_brown_bark_mushroom":3,"minecraft:smooth_basalt":2,"minecraft:dark_oak_slab":1,"minecraft:quartz":43,"minecraft:dandelion":11,"minecraft:gravel":311,"minecraft:white_bed":2,"minecraft:spider_eye":4,"minecraft:diamond_shovel":2,"tacz:modern_kinetic_gun":7,"minecraft:iron_helmet":5,"minecraft:terracotta":20,"projectvibrantjourneys:orange_bark_mushroom":2,"minecraft:dark_oak_wood":1,"minecraft:coal":107,"minecraft:ender_pearl":5},"minecraft:used":{"minecraft:spruce_slab":1,"minecraft:oak_sign":1,"minecraft:chest":19,"minecraft:iron_sword":13,"minecraft:rotten_flesh":17,"minecraft:iron_chestplate":1,"minecraft:carrot":33,"minecraft:furnace_minecart":1,"minecraft:obsidian":1,"minecraft:iron_helmet":1,"minecraft:dark_oak_slab":1,"minecraft:stone_bricks":2,"minecraft:bow":6,"minecraft:oak_sapling":46,"minecraft:furnace":6,"minecraft:oak_planks":54,"minecraft:stone_pickaxe":219,"minecraft:ender_pearl":7,"minecraft:wooden_pickaxe":28,"minecraft:composter":8,"minecraft:diamond_axe":89,"minecraft:acacia_door":2,"minecraft:bread":246,"minecraft:gravel":6,"create:white_seat":1,"minecraft:diamond_sword":164,"minecraft:andesite":4,"minecraft:oak_boat":3,"minecraft:bone_meal":69,"minecraft:flint_and_steel":2,"minecraft:spruce_planks":1,"minecraft:netherrack":112,"minecraft:stick":17,"minecraft:torch":97,"minecraft:dirt":369,"minecraft:spruce_stairs":2,"minecraft:iron_hoe":2,"minecraft:wooden_axe":67,"projectvibrantjourneys:fallen_leaves":2,"minecraft:iron_axe":148,"minecraft:iron_boots":1,"better_mob_food:cooked_flesh":6,"torchmaster:feral_flare_lantern":2,"minecraft:beef":5,"torchmaster:megatorch":1,"minecraft:cooked_beef":9,"minecraft:cobbled_deepslate":2,"minecraft:iron_leggings":1,"minecraft:cooked_mutton":6,"minecraft:water_bucket":8,"minecraft:polished_andesite":10,"create:blaze_burner":1,"minecraft:rail":2,"minecraft:terracotta":8,"minecraft:oak_slab":1,"minecraft:crafting_table":2,"minecraft:red_bed":2,"minecraft:white_bed":2,"minecraft:cod":1,"minecraft:oak_log":17,"minecraft:diamond_pickaxe":1716,"minecraft:apple":1,"supplementaries:cage":47,"minecraft:diamond_shovel":3528,"minecraft:iron_pickaxe":66,"minecraft:cobblestone":841,"minecraft:cooked_porkchop":10,"minecraft:bucket":8,"minecraft:yellow_bed":2},"minecraft:killed_by":{"minecraft:zombified_piglin":1},"minecraft:dropped":{"sophisticatedbackpacks:iron_backpack":1,"minecraft:brown_mushroom":4,"minecraft:cooked_beef":7,"minecraft:oak_log":89,"minecraft:mossy_stone_brick_stairs":1,"minecraft:rail":31,"minecraft:red_mushroom":2,"minecraft:flint":2,"minecraft:dirt":16,"minecraft:cornflower":24,"minecraft:gold_nugget":11,"minecraft:white_wool":1,"minecraft:iron_nugget":13,"minecraft:cobbled_deepslate":1,"minecraft:wheat":1,"minecraft:grindstone":1,"minecraft:azure_bluet":8,"minecraft:poppy":1,"minecraft:gunpowder":52,"minecraft:iron_bars":14,"minecraft:arrow":1,"minecraft:enchanted_book":1,"minecraft:iron_ingot":76,"minecraft:bread":186,"minecraft:oak_slab":2,"minecraft:wheat_seeds":10,"minecraft:iron_helmet":3,"minecraft:cobblestone":15,"minecraft:granite":2,"minecraft:stick":9,"projectvibrantjourneys:rocks":2,"minecraft:polished_andesite":2,"minecraft:oxeye_daisy":16,"tacz:ammo_box":4,"minecraft:torch":1,"minecraft:iron_leggings":3,"tacz:modern_kinetic_gun":3,"minecraft:iron_axe":1,"create:mechanical_plough":2,"create:mechanical_drill":6,"minecraft:string":5,"minecraft:pink_petals":1,"minecraft:bucket":1,"minecraft:dandelion":4,"alexsmobs:maggot":1,"artifacts:kitty_slippers":1,"minecraft:iron_boots":3,"sophisticatedbackpacks:backpack":1,"minecraft:ender_eye":1,"minecraft:flint_and_steel":1,"minecraft:diamond_sword":1,"minecraft:iron_chestplate":4,"minecraft:diamond_pickaxe":2,"minecraft:andesite":1,"minecraft:oak_sapling":8,"minecraft:golden_sword":1,"minecraft:raw_gold":2}},"DataVersion":3465}