{"stats":{"minecraft:used":{"minecraft:flint_and_steel":1,"minecraft:stone_pickaxe":219,"minecraft:wooden_pickaxe":28,"minecraft:iron_sword":12,"minecraft:diamond_axe":9,"minecraft:torch":7,"minecraft:dirt":92,"minecraft:crafting_table":2,"minecraft:white_bed":1,"minecraft:cod":1,"minecraft:wooden_axe":67,"projectvibrantjourneys:fallen_leaves":2,"minecraft:diamond_pickaxe":32,"supplementaries:cage":9,"minecraft:diamond_shovel":954,"minecraft:bread":8,"minecraft:iron_pickaxe":33,"minecraft:cobblestone":37,"minecraft:beef":5,"minecraft:furnace":1,"minecraft:andesite":3,"minecraft:cooked_beef":5,"minecraft:cobbled_deepslate":1},"minecraft:dropped":{"minecraft:bread":41,"minecraft:cooked_beef":7,"minecraft:cobbled_deepslate":1,"sophisticatedbackpacks:backpack":1,"minecraft:dirt":8,"minecraft:oak_sapling":1},"minecraft:crafted":{"minecraft:cooked_beef":19,"minecraft:oak_planks":68,"minecraft:diamond_sword":1,"sophisticatedbackpacks:backpack":2,"minecraft:diamond_axe":1,"minecraft:crafting_table":2,"minecraft:wooden_pickaxe":1,"minecraft:iron_helmet":1,"minecraft:furnace":1,"sophisticatedbackpacks:crafting_upgrade":1,"minecraft:diamond_shovel":1,"sophisticatedbackpacks:upgrade_base":1,"minecraft:bread":105,"minecraft:iron_boots":1,"minecraft:iron_chestplate":1,"minecraft:diamond_pickaxe":1,"minecraft:stick":24,"minecraft:iron_ingot":23,"minecraft:stone_pickaxe":2,"minecraft:wooden_axe":1,"minecraft:chest":3,"minecraft:iron_leggings":1,"minecraft:torch":16,"minecraft:wheat":315},"minecraft:killed_by":{"minecraft:zombified_piglin":1},"minecraft:mined":{"minecraft:white_bed":1,"minecraft:oak_sapling":1,"minecraft:glass_pane":1,"minecraft:crimson_nylium":5,"projectvibrantjourneys:rocks":1,"minecraft:crafting_table":1,"projectvibrantjourneys:twigs":6,"minecraft:grass_block":328,"minecraft:poppy":1,"projectvibrantjourneys:mossy_rocks":1,"minecraft:tall_grass":119,"minecraft:cobblestone":1,"projectvibrantjourneys:fallen_leaves":8,"supplementaries:cage":5,"minecraft:wall_torch":2,"minecraft:hay_block":43,"minecraft:nether_wart_block":1,"minecraft:yellow_wool":9,"minecraft:andesite":3,"minecraft:azure_bluet":1,"minecraft:stone_brick_stairs":2,"minecraft:grass":299,"minecraft:oak_log":17,"minecraft:coal_ore":70,"minecraft:shroomlight":5,"projectvibrantjourneys:short_grass":55,"minecraft:vine":1,"minecraft:dirt_path":1,"minecraft:dirt":346,"minecraft:stone_bricks":2,"minecraft:stone":133,"minecraft:netherrack":3,"minecraft:white_wool":9,"minecraft:oak_leaves":5},"minecraft:broken":{"minecraft:stone_pickaxe":1,"minecraft:wooden_axe":1},"minecraft:custom":{"minecraft:interact_with_furnace":8,"minecraft:mob_kills":18,"minecraft:interact_with_crafting_table":20,"minecraft:leave_game":6,"minecraft:time_since_death":0,"minecraft:sleep_in_bed":4,"minecraft:climb_one_cm":564,"minecraft:time_since_rest":0,"minecraft:sprint_one_cm":204810,"minecraft:damage_taken":1356,"minecraft:walk_one_cm":237910,"minecraft:drop":18,"minecraft:damage_dealt":2000,"minecraft:swim_one_cm":13363,"minecraft:fly_one_cm":133883,"minecraft:talked_to_villager":2,"minecraft:open_chest":34,"minecraft:crouch_one_cm":6097,"minecraft:play_time":95788,"minecraft:deaths":2,"minecraft:sneak_time":2613,"minecraft:walk_under_water_one_cm":7227,"minecraft:jump":1024,"minecraft:walk_on_water_one_cm":12855,"minecraft:total_world_time":95788,"minecraft:fall_one_cm":30699},"minecraft:killed":{"minecraft:cod":1,"alexsmobs:crimson_mosquito":1,"minecraft:zombie":1,"minecraft:cow":15},"minecraft:picked_up":{"minecraft:crafting_table":1,"minecraft:iron_chestplate":1,"minecraft:azure_bluet":1,"minecraft:yellow_wool":9,"minecraft:andesite":3,"projectvibrantjourneys:fallen_leaves":7,"minecraft:leather":24,"minecraft:oak_log":19,"minecraft:stone_brick_stairs":2,"minecraft:nether_wart_block":1,"minecraft:dirt":674,"minecraft:string":25,"minecraft:shroomlight":4,"minecraft:wheat_seeds":67,"minecraft:cobbled_deepslate":2,"minecraft:beef":29,"minecraft:poppy":1,"supplementaries:cage":6,"minecraft:iron_boots":1,"projectvibrantjourneys:light_brown_bark_mushroom":1,"minecraft:stick":6,"minecraft:torch":2,"minecraft:white_bed":1,"artifacts:golden_hook":1,"minecraft:hay_block":43,"minecraft:netherrack":7,"projectvibrantjourneys:orange_bark_mushroom":1,"minecraft:oak_sapling":2,"minecraft:cod":1,"minecraft:iron_bars":10,"minecraft:coal":70,"minecraft:white_wool":9,"minecraft:cobblestone":131}},"DataVersion":3465}