{"stats":{"minecraft:used":{"minecraft:stone_pickaxe":219,"minecraft:wooden_pickaxe":28,"minecraft:iron_sword":12,"minecraft:diamond_axe":1,"minecraft:torch":7,"minecraft:dirt":3,"minecraft:crafting_table":2,"minecraft:cod":1,"minecraft:wooden_axe":67,"projectvibrantjourneys:fallen_leaves":2,"minecraft:diamond_pickaxe":1,"supplementaries:cage":4,"minecraft:diamond_shovel":47,"minecraft:bread":3,"minecraft:iron_pickaxe":33,"minecraft:cobblestone":37,"minecraft:beef":5,"minecraft:furnace":1,"minecraft:andesite":3,"minecraft:cobbled_deepslate":1,"minecraft:cooked_beef":5},"minecraft:dropped":{"minecraft:bread":41,"minecraft:cooked_beef":7,"minecraft:cobbled_deepslate":1,"sophisticatedbackpacks:backpack":1,"minecraft:dirt":2,"minecraft:oak_sapling":1},"minecraft:crafted":{"minecraft:cooked_beef":19,"minecraft:oak_planks":68,"minecraft:diamond_sword":1,"sophisticatedbackpacks:backpack":2,"minecraft:diamond_axe":1,"minecraft:crafting_table":2,"minecraft:wooden_pickaxe":1,"minecraft:iron_helmet":1,"minecraft:furnace":1,"sophisticatedbackpacks:crafting_upgrade":1,"minecraft:diamond_shovel":1,"sophisticatedbackpacks:upgrade_base":1,"minecraft:bread":105,"minecraft:iron_boots":1,"minecraft:iron_chestplate":1,"minecraft:diamond_pickaxe":1,"minecraft:stick":24,"minecraft:iron_ingot":23,"minecraft:stone_pickaxe":2,"minecraft:wooden_axe":1,"minecraft:chest":3,"minecraft:iron_leggings":1,"minecraft:torch":16,"minecraft:wheat":315},"minecraft:mined":{"minecraft:glass_pane":1,"minecraft:white_bed":1,"projectvibrantjourneys:rocks":1,"minecraft:crafting_table":1,"projectvibrantjourneys:twigs":2,"minecraft:grass_block":41,"minecraft:tall_grass":50,"minecraft:cobblestone":1,"projectvibrantjourneys:fallen_leaves":4,"minecraft:wall_torch":2,"supplementaries:cage":2,"minecraft:hay_block":43,"minecraft:yellow_wool":9,"minecraft:andesite":3,"minecraft:azure_bluet":1,"minecraft:stone_brick_stairs":2,"minecraft:grass":113,"minecraft:coal_ore":70,"minecraft:oak_log":17,"projectvibrantjourneys:short_grass":26,"minecraft:vine":1,"minecraft:dirt":20,"minecraft:stone":121,"minecraft:stone_bricks":2,"minecraft:white_wool":9},"minecraft:broken":{"minecraft:stone_pickaxe":1,"minecraft:wooden_axe":1},"minecraft:custom":{"minecraft:interact_with_furnace":8,"minecraft:mob_kills":17,"minecraft:interact_with_crafting_table":19,"minecraft:leave_game":4,"minecraft:time_since_death":32987,"minecraft:sleep_in_bed":2,"minecraft:climb_one_cm":564,"minecraft:time_since_rest":11804,"minecraft:sprint_one_cm":150367,"minecraft:walk_one_cm":147997,"minecraft:damage_taken":790,"minecraft:drop":12,"minecraft:damage_dealt":1874,"minecraft:talked_to_villager":2,"minecraft:swim_one_cm":13363,"minecraft:fly_one_cm":77943,"minecraft:open_chest":29,"minecraft:crouch_one_cm":16,"minecraft:play_time":61397,"minecraft:deaths":1,"minecraft:sneak_time":162,"minecraft:walk_under_water_one_cm":7227,"minecraft:jump":689,"minecraft:walk_on_water_one_cm":12855,"minecraft:total_world_time":61397,"minecraft:fall_one_cm":15262},"minecraft:killed":{"minecraft:cod":1,"minecraft:zombie":1,"minecraft:cow":15},"minecraft:picked_up":{"minecraft:iron_chestplate":1,"minecraft:crafting_table":1,"minecraft:azure_bluet":1,"minecraft:yellow_wool":9,"minecraft:andesite":3,"projectvibrantjourneys:fallen_leaves":3,"minecraft:leather":24,"minecraft:stone_brick_stairs":2,"minecraft:oak_log":19,"minecraft:string":25,"minecraft:dirt":61,"minecraft:wheat_seeds":18,"minecraft:cobbled_deepslate":2,"minecraft:beef":29,"supplementaries:cage":3,"minecraft:iron_boots":1,"projectvibrantjourneys:light_brown_bark_mushroom":1,"minecraft:stick":2,"minecraft:torch":2,"minecraft:white_bed":1,"artifacts:golden_hook":1,"minecraft:hay_block":43,"projectvibrantjourneys:orange_bark_mushroom":1,"minecraft:oak_sapling":1,"minecraft:iron_bars":10,"minecraft:coal":70,"minecraft:cod":1,"minecraft:white_wool":9,"minecraft:cobblestone":119}},"DataVersion":3465}