{"stats":{"minecraft:picked_up":{"minecraft:iron_chestplate":19,"minecraft:wheat":285,"minecraft:anvil":5,"minecraft:yellow_wool":22,"supplementaries:bomb_blue":1,"minecraft:lead":1,"minecraft:enchanted_book":4,"minecraft:stone_brick_stairs":2,"minecraft:crimson_planks":2,"minecraft:brewing_stand":1,"minecraft:string":67,"minecraft:raw_copper":64,"minecraft:cooked_salmon":10,"minecraft:smooth_stone_slab":34,"zombie_more:acid_drool":1,"minecraft:iron_leggings":24,"minecraft:armor_stand":1,"minecraft:deepslate_tiles":1,"minecraft:tnt_minecart":1,"minecraft:cobbled_deepslate":11,"alexsmobs:banana":1,"minecraft:bucket":18,"minecraft:spruce_planks":4,"artifacts:aqua_dashers":13,"minecraft:redstone_torch":31,"minecraft:calcite":2,"minecraft:azalea":2,"minecraft:iron_pickaxe":23,"minecraft:smooth_quartz":21,"pointblank:workstation":6,"minecraft:iron_boots":17,"minecraft:furnace":5,"minecraft:dark_oak_door":1,"minecraft:stick":114,"pointblank:gunmetal_ingot":6,"minecraft:big_dripleaf":3,"minecraft:brown_terracotta":89,"minecraft:torch":689,"create:andesite_casing":3,"minecraft:porkchop":3,"effortlessbuilding:muscles":1,"mutantmonsters:hulk_hammer":1,"minecraft:quartz_block":1753,"minecraft:rotten_flesh":74,"minecraft:vex_armor_trim_smithing_template":1,"supplementaries:antique_ink":10,"minecraft:iron_block":3,"minecraft:cyan_terracotta":100,"artifacts:panic_necklace":1,"supplementaries:ash":19,"minecraft:iron_bars":71,"minecraft:cod":7,"alexsmobs:flying_fish":1,"minecraft:cobblestone":767,"minecraft:furnace_minecart":1,"minecraft:iron_door":4,"minecraft:water_bucket":1,"minecraft:andesite":23,"projectvibrantjourneys:fallen_leaves":11,"minecraft:dark_oak_boat":13,"minecraft:chiseled_quartz_block":36,"artifacts:thorn_pendant":1,"minecraft:potato":328,"minecraft:flint":2,"create:raw_zinc":3,"artifacts:flame_pendant":2,"minecraft:lapis_lazuli":8,"minecraft:dirt":206,"zombie_more:brain":1,"minecraft:name_tag":3,"artifacts:shock_pendant":5,"minecraft:glass":35,"minecraft:bone":103,"minecraft:bow":4,"minecraft:stonecutter":1,"minecraft:gray_terracotta":1265,"minecraft:wheat_seeds":42,"better_mob_food:cooked_flesh":14,"minecraft:raw_gold":16,"minecraft:mossy_stone_bricks":6,"minecraft:glowstone_dust":2,"minecraft:moss_block":22,"minecraft:oak_planks":1549,"minecraft:gray_glazed_terracotta":121,"minecraft:sand":464,"minecraft:jungle_planks":4,"ecologics:coconut_husk":4,"minecraft:dark_oak_log":5,"alexsmobs:animal_dictionary":1,"minecraft:mossy_cobblestone":4,"minecraft:iron_hoe":8,"minecraft:light_gray_terracotta":289,"minecraft:clay":1,"minecraft:lever":2,"minecraft:golden_apple":3,"minecraft:emerald":18,"minecraft:bread":312,"minecraft:oak_sapling":14,"minecraft:fishing_rod":3,"minecraft:coarse_dirt":7,"minecraft:crafting_table":15,"artifacts:night_vision_goggles":14,"minecraft:ladder":15,"minecraft:brown_mushroom":164,"minecraft:gold_block":3,"minecraft:chain":4,"minecraft:cornflower":6,"minecraft:stone_stairs":18,"minecraft:iron_axe":13,"minecraft:wooden_sword":1,"minecraft:flint_and_steel":3,"tacz:ammo":300,"minecraft:iron_shovel":1,"minecraft:cyan_carpet":3,"minecraft:glass_pane":60,"minecraft:cracked_stone_bricks":58,"pointblank:ammo9mm":559,"minecraft:beef":3,"minecraft:oak_boat":1,"minecraft:player_head":7,"minecraft:poppy":4,"minecraft:minecart":13,"supplementaries:cage":19,"minecraft:quartz_stairs":57,"supplementaries:rope":25,"minecraft:chest":1,"minecraft:dark_oak_sapling":3,"minecraft:raw_iron":138,"minecraft:oak_door":6,"ecologics:coconut_slice":2,"zombie_more:cursed_heart":7,"minecraft:bowl":6,"sophisticatedbackpacks:backpack":1,"artifacts:vampiric_glove":12,"pointblank:gunmetal_nugget":288,"minecraft:carrot":362,"minecraft:redstone":23,"minecraft:dark_oak_planks":11,"minecraft:tnt":3,"artifacts:snorkel":1,"minecraft:arrow":32,"minecraft:cooked_cod":5,"minecraft:pumpkin_pie":8,"minecraft:jungle_stairs":4,"minecraft:hay_block":47,"minecraft:stripped_dark_oak_wood":3,"minecraft:gold_ingot":34,"minecraft:glow_berries":52,"minecraft:rail":18,"minecraft:white_wool":6,"create:iron_sheet":2,"minecraft:tripwire_hook":3,"minecraft:salmon":10,"minecraft:red_mushroom":126,"minecraft:mushroom_stew":12,"minecraft:oak_log":16,"minecraft:yellow_bed":5,"minecraft:cobblestone_wall":2,"minecraft:gunpowder":40,"minecraft:cobblestone_stairs":2,"minecraft:stone_bricks":129,"minecraft:apple":4,"minecraft:gray_carpet":2,"minecraft:kelp":64,"minecraft:iron_ingot":250,"artifacts:whoopee_cushion":3,"minecraft:stone_pickaxe":4,"artifacts:steadfast_spikes":1,"minecraft:iron_sword":26,"minecraft:flowering_azalea":2,"minecraft:book":7,"projectvibrantjourneys:light_brown_bark_mushroom":2,"pointblank:glock17":6,"minecraft:sweet_berries":9,"minecraft:gravel":13,"minecraft:blast_furnace":4,"minecraft:white_bed":2,"minecraft:spider_eye":15,"minecraft:spruce_door":7,"artifacts:helium_flamingo":5,"alexsmobs:raw_catfish":1,"minecraft:slime_ball":8,"minecraft:stone_axe":2,"tacz:modern_kinetic_gun":1,"minecraft:iron_helmet":20,"minecraft:diamond_axe":3,"minecraft:oak_button":4,"minecraft:baked_potato":85,"projectvibrantjourneys:orange_bark_mushroom":4,"minecraft:coal":230,"minecraft:ender_pearl":2},"minecraft:mined":{"minecraft:dark_oak_planks":1,"minecraft:spruce_planks":1,"minecraft:white_bed":2,"minecraft:cobblestone_stairs":1,"minecraft:jungle_leaves":22,"minecraft:brewing_stand":1,"minecraft:cave_vines_plant":5,"minecraft:grass_block":10,"minecraft:spawner":15,"minecraft:light_blue_stained_glass":6,"minecraft:tall_seagrass":3,"minecraft:dark_oak_trapdoor":1,"minecraft:iron_ore":55,"minecraft:fire":8,"minecraft:moss_carpet":1,"minecraft:anvil":2,"minecraft:stripped_dark_oak_wood":1,"minecraft:nether_brick_stairs":1,"minecraft:cave_vines":12,"minecraft:iron_bars":35,"minecraft:iron_block":3,"minecraft:stripped_mangrove_wood":2,"minecraft:player_head":1,"minecraft:gray_terracotta":919,"minecraft:brown_mushroom":4,"minecraft:quartz_block":560,"minecraft:cyan_terracotta":35,"minecraft:kelp_plant":8,"minecraft:player_wall_head":2,"minecraft:blue_stained_glass":6,"minecraft:chiseled_quartz_block":9,"minecraft:clay":4,"minecraft:torch":6,"minecraft:light_gray_terracotta":133,"minecraft:blast_furnace":2,"minecraft:jungle_stairs":2,"minecraft:calcite":2,"minecraft:chest":1,"minecraft:white_stained_glass_pane":72,"minecraft:mushroom_stem":4,"minecraft:glass":6,"minecraft:cobblestone":20,"projectvibrantjourneys:fallen_leaves":2,"minecraft:oak_planks":7,"minecraft:iron_door":3,"minecraft:wall_torch":10,"minecraft:deepslate_copper_ore":6,"minecraft:seagrass":7,"minecraft:stone_stairs":7,"projectvibrantjourneys:light_brown_bark_mushroom":1,"minecraft:yellow_wool":10,"minecraft:wheat":25,"projectvibrantjourneys:bones":1,"minecraft:smooth_stone_slab":9,"minecraft:tnt":3,"minecraft:stone_brick_stairs":1,"minecraft:grass":51,"minecraft:oak_log":16,"projectvibrantjourneys:short_grass":17,"minecraft:beetroots":3,"minecraft:dirt":33,"minecraft:smooth_quartz":4,"minecraft:sand":159,"minecraft:crimson_planks":1,"minecraft:tripwire_hook":1,"minecraft:stonecutter":1,"minecraft:oak_leaves":85,"minecraft:cyan_candle":1,"minecraft:deepslate":4,"create:zinc_ore":1,"minecraft:light_blue_stained_glass_pane":11,"minecraft:blue_stained_glass_pane":10,"minecraft:quartz_stairs":19,"minecraft:mossy_cobblestone":6,"minecraft:dark_oak_leaves":14,"minecraft:deepslate_diamond_ore":1,"minecraft:dark_oak_log":5,"minecraft:mangrove_wall_sign":1,"minecraft:gray_glazed_terracotta":9,"projectvibrantjourneys:rocks":5,"minecraft:gray_stained_glass_pane":4,"minecraft:ladder":10,"minecraft:jungle_planks":4,"minecraft:white_stained_glass":2,"minecraft:brown_mushroom_block":141,"minecraft:spruce_leaves":19,"minecraft:kelp":2,"minecraft:moss_block":29,"minecraft:hay_block":40,"minecraft:large_fern":8,"supplementaries:rope":1,"minecraft:furnace":5,"minecraft:carrots":90,"minecraft:andesite":30,"minecraft:gold_block":1,"minecraft:big_dripleaf_stem":1,"minecraft:potatoes":95,"minecraft:deepslate_iron_ore":26,"minecraft:vine":12,"minecraft:rail":5,"minecraft:stone":281,"minecraft:white_wool":3,"minecraft:redstone_wall_torch":2,"minecraft:flowering_azalea":1,"minecraft:glass_pane":11,"minecraft:infested_stone_bricks":2,"minecraft:crafting_table":3,"minecraft:cornflower":2,"minecraft:gray_stained_glass":2,"minecraft:copper_ore":6,"minecraft:tall_grass":19,"minecraft:deepslate_coal_ore":3,"minecraft:lily_pad":1,"supplementaries:cage":7,"minecraft:big_dripleaf":2,"supplementaries:urn":18,"minecraft:coarse_dirt":5,"minecraft:cobblestone_wall":2,"minecraft:redstone_torch":5,"minecraft:sweet_berry_bush":5,"minecraft:birch_leaves":5,"minecraft:yellow_bed":3,"minecraft:coal_ore":42,"pointblank:workstation":4,"minecraft:gravel":14,"minecraft:brown_terracotta":22,"minecraft:cobweb":30,"minecraft:cracked_stone_bricks":32,"minecraft:oak_button":2,"minecraft:stone_bricks":86,"minecraft:mossy_stone_bricks":3,"minecraft:fern":4},"minecraft:dropped":{"zombie_more:brain":1,"minecraft:clay":1,"minecraft:iron_sword":16,"create:super_glue":1,"minecraft:brown_mushroom":36,"minecraft:moss_block":11,"minecraft:diamond_axe":1,"minecraft:baked_potato":26,"minecraft:ender_pearl":1,"minecraft:crafting_table":7,"minecraft:dark_oak_sapling":3,"pointblank:glock17":3,"artifacts:shock_pendant":2,"minecraft:glow_berries":5,"minecraft:cracked_stone_bricks":2,"minecraft:jungle_planks":2,"minecraft:rail":11,"projectvibrantjourneys:orange_bark_mushroom":2,"minecraft:cod":5,"artifacts:vampiric_glove":5,"minecraft:emerald":2,"minecraft:cobblestone_stairs":1,"artifacts:night_vision_goggles":6,"minecraft:cyan_terracotta":64,"minecraft:dirt":68,"artifacts:thorn_pendant":1,"minecraft:cornflower":2,"projectvibrantjourneys:fallen_leaves":3,"minecraft:stripped_dark_oak_wood":2,"minecraft:wooden_sword":2,"create:iron_sheet":1,"minecraft:iron_pickaxe":11,"minecraft:dark_oak_planks":2,"minecraft:fishing_rod":1,"minecraft:dark_oak_boat":4,"minecraft:white_wool":2,"minecraft:armor_stand":1,"minecraft:cyan_carpet":2,"minecraft:gold_ingot":14,"minecraft:bone":54,"minecraft:gravel":9,"minecraft:stone_axe":1,"minecraft:lever":1,"minecraft:iron_nugget":4,"minecraft:cobbled_deepslate":7,"minecraft:wheat":88,"minecraft:yellow_wool":3,"minecraft:rotten_flesh":29,"minecraft:oak_planks":383,"minecraft:stone_stairs":12,"minecraft:salmon":10,"minecraft:carrot":131,"supplementaries:antique_ink":4,"minecraft:poppy":1,"projectvibrantjourneys:light_brown_bark_mushroom":1,"supplementaries:ash":16,"minecraft:gunpowder":53,"artifacts:helium_flamingo":2,"zombie_more:cursed_heart":3,"minecraft:jungle_stairs":4,"minecraft:quartz_block":420,"ecologics:coconut_husk":4,"minecraft:azalea":2,"minecraft:ladder":2,"minecraft:iron_bars":36,"minecraft:arrow":25,"minecraft:glass":9,"minecraft:stone_brick_stairs":2,"effortlessbuilding:muscles":4,"minecraft:crimson_planks":1,"minecraft:water_bucket":1,"minecraft:enchanted_book":2,"minecraft:bread":182,"minecraft:iron_ingot":176,"minecraft:wheat_seeds":22,"minecraft:tnt":2,"minecraft:mossy_cobblestone":4,"minecraft:minecart":2,"pointblank:gunmetal_ingot":12,"minecraft:book":7,"minecraft:cobblestone":320,"minecraft:iron_helmet":8,"minecraft:lead":1,"artifacts:whoopee_cushion":1,"minecraft:apple":2,"pointblank:ammo9mm":142,"minecraft:spruce_door":2,"minecraft:golden_apple":1,"minecraft:coal":67,"minecraft:mushroom_stew":11,"minecraft:stick":61,"create:andesite_casing":3,"minecraft:cobweb":6,"tacz:ammo_box":1,"minecraft:torch":288,"minecraft:wooden_axe":2,"minecraft:iron_door":1,"minecraft:cooked_salmon":6,"minecraft:iron_leggings":10,"minecraft:brown_terracotta":66,"minecraft:flowering_azalea":1,"minecraft:iron_axe":8,"minecraft:string":13,"minecraft:tripwire_hook":2,"minecraft:bucket":8,"minecraft:gray_carpet":1,"create:raw_zinc":3,"minecraft:kelp":64,"minecraft:raw_copper":3,"minecraft:gray_glazed_terracotta":4,"minecraft:smooth_stone_slab":17,"minecraft:light_gray_terracotta":51,"minecraft:bowl":1,"artifacts:aqua_dashers":6,"minecraft:raw_iron":8,"minecraft:iron_boots":6,"minecraft:iron_hoe":4,"artifacts:flame_pendant":1,"minecraft:glass_pane":3,"supplementaries:cage":5,"pointblank:gunmetal_nugget":78,"minecraft:flint_and_steel":1,"minecraft:big_dripleaf":2,"minecraft:potato":81,"minecraft:hay_block":7,"minecraft:gray_terracotta":41,"minecraft:oak_button":2,"minecraft:spruce_planks":1,"minecraft:iron_chestplate":8,"minecraft:andesite":23,"artifacts:steadfast_spikes":1,"minecraft:mossy_stone_bricks":1,"minecraft:oak_sapling":7,"minecraft:spider_eye":9,"minecraft:redstone_torch":14,"better_mob_food:cooked_flesh":21,"minecraft:stone_bricks":50,"pointblank:workstation":1,"minecraft:bow":4,"minecraft:stone_pickaxe":3,"minecraft:raw_gold":6,"minecraft:calcite":1,"minecraft:vex_armor_trim_smithing_template":1},"minecraft:used":{"minecraft:moss_block":7,"minecraft:iron_shovel":179,"minecraft:ladder":10,"minecraft:chest":5,"minecraft:iron_sword":787,"minecraft:rotten_flesh":2,"minecraft:player_head":3,"minecraft:jungle_planks":2,"minecraft:carrot":155,"minecraft:furnace_minecart":1,"minecraft:cyan_terracotta":18,"minecraft:quartz_block":267,"minecraft:iron_helmet":4,"minecraft:stone_bricks":37,"supplementaries:bomb_blue":1,"pointblank:workstation":3,"minecraft:bow":17,"minecraft:dark_oak_boat":4,"mutantmonsters:hulk_hammer":7,"minecraft:sweet_berries":11,"minecraft:cooked_cod":5,"minecraft:oak_sapling":1,"minecraft:furnace":5,"minecraft:potato":78,"alexsmobs:raw_catfish":1,"minecraft:mossy_stone_bricks":3,"minecraft:spruce_door":3,"minecraft:stone_pickaxe":151,"minecraft:oak_planks":25,"artifacts:eternal_steak":42,"minecraft:diamond_axe":103,"minecraft:cookie":11,"minecraft:golden_apple":3,"minecraft:glow_berries":27,"minecraft:sand":3,"minecraft:mushroom_stew":5,"minecraft:blast_furnace":4,"minecraft:light_gray_terracotta":201,"minecraft:chiseled_quartz_block":88,"minecraft:deepslate_tiles":1,"minecraft:redstone_torch":3,"minecraft:lever":1,"minecraft:string":1,"minecraft:bread":138,"minecraft:gravel":4,"minecraft:iron_door":4,"ecologics:coconut_slice":2,"minecraft:wooden_sword":18,"minecraft:oak_boat":3,"minecraft:coarse_dirt":4,"minecraft:bone_meal":48,"minecraft:iron_bars":18,"minecraft:armor_stand":1,"minecraft:cooked_salmon":4,"minecraft:oak_door":2,"minecraft:torch":36,"minecraft:dirt":70,"minecraft:iron_hoe":102,"minecraft:wooden_axe":12,"minecraft:iron_axe":243,"minecraft:iron_boots":1,"minecraft:smooth_quartz":184,"create:cart_assembler":1,"better_mob_food:cooked_flesh":6,"minecraft:beef":3,"minecraft:gray_glazed_terracotta":175,"minecraft:minecart":13,"alexsmobs:banana":1,"minecraft:cobbled_deepslate":1,"minecraft:iron_leggings":1,"minecraft:water_bucket":35,"minecraft:baked_potato":105,"minecraft:stonecutter":1,"minecraft:rail":1,"minecraft:crafting_table":13,"minecraft:red_mushroom":1,"minecraft:white_bed":2,"minecraft:cod":4,"minecraft:dark_oak_door":1,"alexsmobs:flying_fish":1,"supplementaries:cage":19,"minecraft:gray_terracotta":62,"minecraft:apple":15,"minecraft:iron_pickaxe":2530,"minecraft:oak_button":3,"supplementaries:rope":1,"minecraft:stone_axe":15,"minecraft:yellow_wool":7,"minecraft:cobblestone":131,"minecraft:potion":1,"minecraft:porkchop":3,"minecraft:bucket":36,"minecraft:glass_pane":102,"minecraft:pumpkin_pie":4,"minecraft:yellow_bed":3},"minecraft:killed_by":{"minecraft:zombie":1,"zombie_more:tank_zombie":1,"minecraft:player":1},"minecraft:killed":{"zombie_more:cursed_zombie":3,"minecraft:cave_spider":1,"zombie_more:tank_zombie":2,"minecraft:witch":1,"minecraft:spider":14,"minecraft:zombie_horse":7,"minecraft:skeleton":18,"minecraft:silverfish":3,"artifacts:mimic":7,"zombie_more:boomer_zombie":2,"minecraft:pig":1,"minecraft:zombie_villager":1,"hordes:drowned_player":3,"minecraft:zombie":15,"zombie_more:explosive_zombie":1,"minecraft:cow":1,"hordes:zombie_player":15,"minecraft:phantom":3,"minecraft:drowned":4,"minecraft:husk":18,"zombie_more:crawler_zombie":4,"alexsmobs:catfish":1,"alexsmobs:cockroach":1},"minecraft:custom":{"minecraft:interact_with_crafting_table":70,"minecraft:open_barrel":76,"goblintraders:trade_with_goblin":144,"minecraft:eat_cake_slice":7,"minecraft:leave_game":16,"minecraft:time_since_death":75355,"minecraft:sprint_one_cm":2155309,"minecraft:drop":2426,"minecraft:talked_to_villager":6,"minecraft:play_time":797463,"minecraft:deaths":38,"minecraft:interact_with_brewingstand":1,"minecraft:jump":7942,"minecraft:walk_on_water_one_cm":122597,"minecraft:interact_with_furnace":109,"minecraft:sleep_in_bed":23,"minecraft:damage_dealt":33563,"minecraft:player_kills":1,"minecraft:crouch_one_cm":8098,"minecraft:inspect_dispenser":1,"minecraft:interact_with_anvil":4,"minecraft:mob_kills":132,"minecraft:damage_dealt_resisted":1565,"minecraft:climb_one_cm":194727,"minecraft:walk_one_cm":2390472,"minecraft:sneak_time":8021,"minecraft:walk_under_water_one_cm":191577,"minecraft:boat_one_cm":80785,"minecraft:interact_with_blast_furnace":12,"minecraft:total_world_time":797463,"minecraft:interact_with_stonecutter":6,"minecraft:time_since_rest":31164,"minecraft:damage_absorbed":20,"minecraft:damage_taken":26554,"minecraft:trigger_trapped_chest":5,"minecraft:minecart_one_cm":584715,"minecraft:swim_one_cm":315079,"minecraft:fly_one_cm":1021374,"minecraft:open_chest":307,"minecraft:fall_one_cm":251278},"minecraft:broken":{"minecraft:iron_boots":1,"minecraft:iron_pickaxe":9,"minecraft:iron_helmet":1},"minecraft:crafted":{"minecraft:smooth_stone":3,"minecraft:oak_planks":76,"minecraft:dark_oak_boat":1,"minecraft:stone":3,"minecraft:lever":1,"minecraft:glass":57,"minecraft:iron_boots":3,"create:cart_assembler":1,"minecraft:chest":6,"minecraft:oak_button":2,"minecraft:iron_door":3,"minecraft:oak_slab":6,"minecraft:smooth_quartz":189,"minecraft:crafting_table":9,"tacz:ammo_box":2,"minecraft:iron_helmet":3,"minecraft:baked_potato":149,"supplementaries:cage":2,"minecraft:copper_ingot":60,"minecraft:iron_chestplate":3,"create:super_glue":1,"minecraft:stick":72,"minecraft:iron_ingot":235,"minecraft:iron_pickaxe":11,"minecraft:gold_ingot":24,"artifacts:eternal_steak":1,"minecraft:wooden_sword":2,"minecraft:gray_glazed_terracotta":170,"minecraft:coal":3,"minecraft:smooth_stone_slab":6,"minecraft:iron_nugget":9,"minecraft:mushroom_stew":12,"minecraft:bone_meal":75,"minecraft:glass_pane":128,"minecraft:iron_axe":3,"minecraft:stone_pickaxe":2,"minecraft:dark_oak_planks":20,"minecraft:minecart":3,"minecraft:wheat":360,"minecraft:cooked_cod":5,"create:andesite_alloy":2,"minecraft:iron_sword":3,"minecraft:bowl":4,"better_mob_food:cooked_flesh":13,"minecraft:cooked_salmon":10,"minecraft:bread":137,"minecraft:air":0,"minecraft:oak_boat":3,"minecraft:golden_apple":3,"minecraft:wooden_axe":4,"minecraft:iron_shovel":2,"minecraft:iron_leggings":3,"minecraft:armor_stand":1,"minecraft:torch":36}},"DataVersion":3465}