{"stats":{"minecraft:used":{"minecraft:flint_and_steel":2,"minecraft:oak_sign":1,"minecraft:chest":7,"minecraft:iron_sword":13,"minecraft:rotten_flesh":17,"minecraft:netherrack":112,"minecraft:stick":17,"minecraft:torch":13,"minecraft:dirt":210,"minecraft:carrot":16,"minecraft:furnace_minecart":1,"minecraft:iron_hoe":1,"minecraft:wooden_axe":67,"projectvibrantjourneys:fallen_leaves":2,"minecraft:iron_axe":80,"better_mob_food:cooked_flesh":6,"torchmaster:feral_flare_lantern":1,"minecraft:beef":5,"minecraft:oak_sapling":1,"minecraft:furnace":6,"torchmaster:megatorch":1,"minecraft:cooked_beef":9,"minecraft:cobbled_deepslate":1,"minecraft:iron_leggings":1,"minecraft:cooked_mutton":6,"minecraft:stone_pickaxe":219,"minecraft:ender_pearl":2,"minecraft:wooden_pickaxe":28,"minecraft:composter":2,"minecraft:diamond_axe":9,"create:blaze_burner":1,"minecraft:rail":2,"minecraft:crafting_table":2,"minecraft:white_bed":1,"minecraft:cod":1,"minecraft:oak_log":5,"minecraft:diamond_pickaxe":1456,"supplementaries:cage":18,"minecraft:diamond_shovel":3444,"minecraft:bread":56,"minecraft:iron_pickaxe":46,"minecraft:gravel":6,"create:white_seat":1,"minecraft:diamond_sword":26,"minecraft:cobblestone":137,"minecraft:cooked_porkchop":10,"minecraft:bucket":1,"minecraft:andesite":4,"minecraft:oak_boat":2,"minecraft:bone_meal":33},"minecraft:dropped":{"sophisticatedbackpacks:iron_backpack":1,"minecraft:iron_ingot":76,"minecraft:bread":43,"minecraft:wheat_seeds":10,"minecraft:cooked_beef":7,"minecraft:oak_log":36,"minecraft:iron_helmet":1,"minecraft:cobblestone":12,"minecraft:rail":31,"minecraft:flint":1,"minecraft:stick":1,"minecraft:oxeye_daisy":16,"minecraft:dirt":9,"minecraft:cornflower":24,"minecraft:gold_nugget":11,"minecraft:iron_axe":1,"create:mechanical_plough":2,"minecraft:string":1,"create:mechanical_drill":6,"minecraft:dandelion":4,"alexsmobs:maggot":1,"minecraft:iron_nugget":8,"minecraft:cobbled_deepslate":1,"minecraft:wheat":1,"minecraft:grindstone":1,"sophisticatedbackpacks:backpack":1,"minecraft:azure_bluet":8,"minecraft:poppy":1,"minecraft:diamond_pickaxe":1,"minecraft:andesite":1,"minecraft:oak_sapling":1,"minecraft:arrow":1,"minecraft:raw_gold":2},"minecraft:crafted":{"minecraft:oak_planks":168,"minecraft:raw_iron":72,"minecraft:coal":578,"minecraft:oak_sign":3,"minecraft:iron_nugget":117,"minecraft:furnace":6,"supplementaries:soap":6,"minecraft:bone_meal":33,"sophisticatedbackpacks:crafting_upgrade":2,"minecraft:diamond_shovel":1,"minecraft:cooked_mutton":6,"minecraft:glass":2,"minecraft:iron_boots":1,"minecraft:iron_axe":1,"minecraft:iron_hoe":1,"minecraft:stone_pickaxe":2,"minecraft:chest":11,"minecraft:rail":32,"create:mechanical_plough":1,"torchmaster:megatorch":1,"minecraft:wheat":315,"minecraft:minecart":1,"minecraft:cooked_beef":19,"minecraft:furnace_minecart":1,"create:andesite_alloy":30,"minecraft:emerald":24,"minecraft:diamond_sword":2,"sophisticatedbackpacks:backpack":4,"minecraft:cooked_porkchop":10,"minecraft:diamond_axe":1,"minecraft:crafting_table":3,"minecraft:iron_helmet":3,"minecraft:wooden_pickaxe":1,"minecraft:gold_block":2,"sophisticatedbackpacks:upgrade_base":2,"minecraft:bread":125,"minecraft:air":0,"minecraft:oak_boat":2,"minecraft:iron_chestplate":1,"minecraft:diamond_pickaxe":2,"minecraft:raw_gold":18,"minecraft:stick":36,"create:white_seat":1,"minecraft:iron_ingot":134,"supplementaries:bubble_blower":2,"minecraft:wooden_axe":1,"torchmaster:feral_flare_lantern":1,"minecraft:iron_leggings":2,"minecraft:gold_ingot":18,"create:mechanical_drill":6,"minecraft:torch":48},"minecraft:killed_by":{"minecraft:zombified_piglin":1},"minecraft:mined":{"minecraft:diamond_ore":2,"minecraft:white_bed":1,"minecraft:oak_sapling":1,"minecraft:mossy_cobblestone":1,"create:andesite_casing":3,"projectvibrantjourneys:rocks":6,"minecraft:obsidian":10,"minecraft:grass_block":1110,"minecraft:coal_block":65,"minecraft:soul_soil":1,"minecraft:composter":2,"minecraft:oxeye_daisy":18,"minecraft:hay_block":43,"minecraft:glowstone":17,"minecraft:furnace":1,"minecraft:carrots":25,"supplementaries:ash":2,"minecraft:iron_ore":43,"minecraft:polished_basalt":1,"minecraft:cobbled_deepslate":1,"minecraft:fire":7,"minecraft:andesite":1046,"minecraft:azure_bluet":5,"minecraft:potatoes":1,"supplementaries:stick":14,"minecraft:dirt_path":1,"minecraft:shroomlight":5,"minecraft:deepslate_iron_ore":4,"minecraft:vine":2,"minecraft:rail":1,"minecraft:stripped_oak_log":1,"projectvibrantjourneys:seashells":2,"minecraft:stone":170,"minecraft:white_wool":9,"minecraft:podzol":1,"minecraft:glass_pane":1,"minecraft:crimson_nylium":5,"minecraft:basalt":3,"minecraft:dandelion":8,"minecraft:cornflower":23,"minecraft:crafting_table":1,"projectvibrantjourneys:twigs":23,"minecraft:poppy":2,"minecraft:chest":1,"projectvibrantjourneys:mossy_rocks":3,"minecraft:nether_quartz_ore":36,"minecraft:copper_ore":6,"minecraft:tall_grass":269,"minecraft:cobblestone":2,"minecraft:grindstone":1,"projectvibrantjourneys:fallen_leaves":19,"minecraft:wall_torch":2,"supplementaries:cage":7,"supplementaries:urn":1,"create:blaze_burner":1,"minecraft:coarse_dirt":1,"minecraft:nether_wart_block":1,"minecraft:yellow_wool":9,"minecraft:wheat":2,"projectvibrantjourneys:bones":2,"minecraft:yellow_bed":1,"minecraft:stone_brick_stairs":2,"minecraft:grass":992,"minecraft:oak_log":83,"minecraft:coal_ore":92,"projectvibrantjourneys:short_grass":162,"minecraft:gravel":96,"minecraft:dirt":1792,"minecraft:sand":2,"minecraft:cobweb":1,"minecraft:smooth_basalt":1,"minecraft:stone_bricks":2,"minecraft:netherrack":143,"minecraft:oak_leaves":11,"minecraft:deepslate":1},"minecraft:broken":{"minecraft:stone_pickaxe":1,"minecraft:diamond_shovel":1,"minecraft:wooden_axe":1},"minecraft:custom":{"minecraft:mob_kills":84,"minecraft:interact_with_crafting_table":75,"goblintraders:trade_with_goblin":71,"minecraft:damage_dealt_resisted":2749,"minecraft:leave_game":23,"minecraft:time_since_death":316295,"minecraft:climb_one_cm":2386,"minecraft:sprint_one_cm":824491,"minecraft:walk_one_cm":1095093,"minecraft:drop":91,"minecraft:talked_to_villager":12,"minecraft:play_time":445718,"minecraft:sneak_time":8379,"minecraft:deaths":8,"minecraft:walk_under_water_one_cm":15443,"minecraft:boat_one_cm":1935,"minecraft:jump":4197,"minecraft:interact_with_blast_furnace":3,"minecraft:walk_on_water_one_cm":24847,"minecraft:total_world_time":445718,"minecraft:interact_with_furnace":37,"minecraft:sleep_in_bed":8,"minecraft:time_since_rest":3663,"minecraft:damage_taken":6786,"minecraft:damage_dealt":3305,"minecraft:swim_one_cm":102638,"minecraft:fly_one_cm":625842,"minecraft:open_chest":167,"minecraft:crouch_one_cm":16422,"minecraft:fall_one_cm":144855},"minecraft:killed":{"minecraft:zombified_piglin":34,"minecraft:cod":1,"minecraft:phantom":13,"minecraft:skeleton":1,"minecraft:pig":1,"alexsmobs:crimson_mosquito":1,"minecraft:zombie":2,"alexsmobs:fly":1,"minecraft:wither_skeleton":1,"minecraft:cow":15},"minecraft:picked_up":{"minecraft:iron_chestplate":1,"minecraft:crafting_table":1,"minecraft:azure_bluet":9,"minecraft:prismarine_shard":1,"minecraft:yellow_wool":9,"minecraft:stone_brick_stairs":2,"minecraft:golden_sword":2,"minecraft:cornflower":24,"minecraft:string":26,"minecraft:soul_soil":1,"minecraft:raw_copper":18,"minecraft:iron_axe":1,"minecraft:iron_leggings":1,"minecraft:shroomlight":4,"alexsmobs:blood_sac":1,"minecraft:gold_nugget":11,"minecraft:cobbled_deepslate":3,"minecraft:beef":29,"minecraft:oak_boat":1,"minecraft:poppy":2,"supplementaries:cage":11,"minecraft:coal_block":82,"minecraft:chest":1,"minecraft:birch_sapling":1,"minecraft:iron_boots":1,"minecraft:furnace":1,"minecraft:stick":65,"minecraft:raw_iron":47,"minecraft:composter":2,"minecraft:torch":3,"create:andesite_casing":11,"minecraft:porkchop":2,"pointblank:gunmetal_nugget":57,"create:hand_crank":1,"minecraft:carrot":60,"minecraft:arrow":1,"minecraft:rotten_flesh":18,"minecraft:polished_basalt":1,"minecraft:hay_block":43,"supplementaries:ash":18,"minecraft:obsidian":10,"minecraft:iron_bars":10,"minecraft:cod":1,"minecraft:rail":1,"minecraft:white_wool":9,"minecraft:cobblestone":230,"minecraft:oxeye_daisy":16,"create:iron_sheet":3,"minecraft:cooked_beef":4,"minecraft:basalt":2,"minecraft:water_bucket":1,"minecraft:andesite":1029,"projectvibrantjourneys:fallen_leaves":19,"minecraft:leather":28,"minecraft:potato":4,"minecraft:flint":17,"minecraft:oak_log":90,"minecraft:yellow_bed":1,"minecraft:nether_wart_block":1,"create:blaze_burner":2,"minecraft:dirt":2902,"create:mechanical_plough":1,"tacz:ammo_box":3,"minecraft:bone":11,"minecraft:apple":2,"minecraft:bow":1,"minecraft:wheat_seeds":201,"create:mechanical_drill":6,"minecraft:grindstone":1,"minecraft:iron_ingot":8,"minecraft:glowstone_dust":42,"projectvibrantjourneys:light_brown_bark_mushroom":1,"minecraft:smooth_basalt":2,"create:cogwheel":2,"create:empty_blaze_burner":2,"minecraft:quartz":43,"minecraft:dandelion":11,"minecraft:gravel":80,"minecraft:sand":2,"sophisticatedbackpacks:iron_backpack":2,"minecraft:white_bed":1,"artifacts:golden_hook":1,"minecraft:diamond":2,"tacz:modern_kinetic_gun":1,"minecraft:bread":10,"alexsmobs:maggot":1,"projectvibrantjourneys:orange_bark_mushroom":1,"minecraft:oak_sapling":26,"minecraft:netherrack":203,"minecraft:coal":99,"minecraft:diamond_pickaxe":1}},"DataVersion":3465}