{"stats":{"minecraft:mined":{"projectvibrantjourneys:light_brown_bark_mushroom":1,"minecraft:oak_log":3},"minecraft:custom":{"minecraft:open_chest":4,"minecraft:time_since_rest":5247,"minecraft:crouch_one_cm":388,"minecraft:play_time":5247,"minecraft:sprint_one_cm":5719,"minecraft:damage_taken":20,"minecraft:walk_one_cm":8366,"minecraft:sneak_time":123,"minecraft:drop":2,"minecraft:jump":31,"minecraft:damage_dealt":6,"minecraft:interact_with_blast_furnace":1,"minecraft:leave_game":1,"minecraft:time_since_death":5247,"minecraft:total_world_time":5247,"minecraft:fall_one_cm":418,"minecraft:fly_one_cm":6205},"minecraft:picked_up":{"projectvibrantjourneys:light_brown_bark_mushroom":2,"minecraft:iron_chestplate":1,"minecraft:iron_leggings":1,"minecraft:diamond":19,"minecraft:diamond_sword":1,"minecraft:iron_helmet":1,"minecraft:oak_log":3,"minecraft:iron_boots":1,"minecraft:diamond_pickaxe":1},"minecraft:used":{"projectvibrantjourneys:light_brown_bark_mushroom":2},"minecraft:dropped":{"minecraft:diamond":38}},"DataVersion":3465}