{"stats":{"minecraft:crafted":{"effortlessbuilding:golden_randomizer_bag":1,"minecraft:oak_planks":16,"sophisticatedbackpacks:backpack":2,"minecraft:crafting_table":1,"minecraft:bone_meal":3,"minecraft:birch_planks":2,"minecraft:bread":51,"minecraft:white_dye":3,"minecraft:iron_axe":1,"minecraft:stick":4,"minecraft:chest":1,"minecraft:acacia_planks":4,"minecraft:wheat":153},"minecraft:mined":{"projectvibrantjourneys:cattail":1,"minecraft:crying_obsidian":1,"minecraft:acacia_leaves":3,"minecraft:brewing_stand":1,"minecraft:obsidian":3,"psg:sulphur_ore":1,"minecraft:crafting_table":2,"minecraft:acacia_log":1,"projectvibrantjourneys:twigs":1,"minecraft:grass_block":8,"minecraft:chest":1,"minecraft:lectern":1,"projectvibrantjourneys:natural_cobweb":2,"minecraft:cobblestone":1,"minecraft:tall_grass":9,"minecraft:pink_petals":2,"minecraft:hay_block":18,"projectvibrantjourneys:light_brown_bark_mushroom":1,"minecraft:spruce_log":1,"projectvibrantjourneys:orange_bark_mushroom":1,"minecraft:grass":16,"minecraft:bookshelf":8,"projectvibrantjourneys:birch_hollow_log":1,"minecraft:oak_log":5,"minecraft:coal_ore":1,"projectvibrantjourneys:short_grass":6,"minecraft:dirt":5,"pointblank:workstation":1,"minecraft:stone":5,"minecraft:oak_leaves":2},"minecraft:custom":{"minecraft:interact_with_furnace":6,"minecraft:mob_kills":21,"minecraft:interact_with_crafting_table":7,"minecraft:damage_dealt_resisted":38,"minecraft:leave_game":3,"minecraft:time_since_death":75791,"minecraft:sleep_in_bed":1,"minecraft:climb_one_cm":278,"minecraft:time_since_rest":68567,"minecraft:sprint_one_cm":249903,"minecraft:damage_taken":2186,"minecraft:walk_one_cm":184332,"minecraft:drop":28,"minecraft:damage_dealt":3862,"minecraft:swim_one_cm":14851,"minecraft:talked_to_villager":7,"minecraft:fly_one_cm":413462,"minecraft:open_chest":73,"minecraft:crouch_one_cm":3611,"minecraft:play_time":75791,"minecraft:sneak_time":1552,"minecraft:walk_under_water_one_cm":3090,"minecraft:boat_one_cm":4851,"minecraft:jump":1771,"minecraft:interact_with_blast_furnace":2,"minecraft:walk_on_water_one_cm":20918,"minecraft:total_world_time":75791,"minecraft:fall_one_cm":40022},"minecraft:killed":{"minecraft:spider":2,"minecraft:sheep":2,"minecraft:skeleton":3,"alexsmobs:gelada_monkey":3,"minecraft:zombie":2,"ecologics:squirrel":1,"alexsmobs:bison":4,"minecraft:cow":4},"minecraft:picked_up":{"minecraft:pink_petals":5,"minecraft:crafting_table":2,"minecraft:iron_chestplate":1,"minecraft:leather":5,"minecraft:brown_mushroom":1,"minecraft:diamond_sword":1,"alexsmobs:bear_fur":1,"alexsmobs:bison_fur":6,"projectvibrantjourneys:birch_hollow_log":1,"minecraft:gilded_blackstone":2,"minecraft:oak_log":5,"minecraft:brewing_stand":1,"minecraft:string":3,"minecraft:dirt":18,"minecraft:moss_carpet":1,"minecraft:acacia_door":1,"minecraft:iron_leggings":1,"tacz:ammo_box":1,"minecraft:bone":3,"minecraft:wheat_seeds":3,"minecraft:beef":37,"minecraft:lectern":1,"minecraft:chest":1,"pointblank:workstation":1,"minecraft:iron_boots":1,"minecraft:book":24,"projectvibrantjourneys:light_brown_bark_mushroom":2,"minecraft:stick":3,"projectvibrantjourneys:bark_mushroom":2,"minecraft:torch":1,"minecraft:acacia_log":1,"pointblank:gunmetal_nugget":10,"psg:sulphur":4,"minecraft:crying_obsidian":1,"minecraft:rotten_flesh":3,"minecraft:diamond":19,"tacz:modern_kinetic_gun":1,"minecraft:hay_block":17,"minecraft:iron_helmet":1,"minecraft:bread":25,"projectvibrantjourneys:orange_bark_mushroom":2,"minecraft:black_wool":2,"minecraft:mutton":4,"minecraft:obsidian":3,"minecraft:coal":1,"minecraft:ender_pearl":1,"minecraft:cobblestone":7,"minecraft:diamond_pickaxe":1},"minecraft:used":{"projectvibrantjourneys:light_brown_bark_mushroom":2,"minecraft:moss_carpet":1,"minecraft:birch_planks":1,"minecraft:oak_planks":3,"minecraft:chest":1,"minecraft:iron_chestplate":1,"minecraft:torch":1,"minecraft:golden_hoe":18,"minecraft:dirt":18,"minecraft:crafting_table":2,"minecraft:diamond_pickaxe":15,"minecraft:iron_axe":25,"minecraft:bread":52,"minecraft:iron_helmet":1,"minecraft:iron_boots":1,"minecraft:diamond_sword":88,"minecraft:cobblestone":7,"alexsmobs:animal_dictionary":1,"minecraft:iron_leggings":1},"minecraft:dropped":{"minecraft:birch_planks":1,"minecraft:wheat_seeds":3,"minecraft:diamond":38,"minecraft:rotten_flesh":3,"projectvibrantjourneys:orange_bark_mushroom":2,"minecraft:beef":10,"minecraft:acacia_door":1,"minecraft:string":3,"minecraft:acacia_planks":3,"projectvibrantjourneys:bark_mushroom":2,"minecraft:bone":3}},"DataVersion":3465}