{"stats":{"minecraft:crafted":{"minecraft:oak_planks":12,"minecraft:iron_axe":1,"minecraft:stick":4},"minecraft:mined":{"projectvibrantjourneys:light_brown_bark_mushroom":1,"minecraft:grass":5,"projectvibrantjourneys:birch_hollow_log":1,"projectvibrantjourneys:twigs":1,"minecraft:coal_ore":1,"minecraft:oak_log":4,"projectvibrantjourneys:short_grass":3,"minecraft:tall_grass":4},"minecraft:custom":{"minecraft:time_since_rest":8726,"minecraft:sprint_one_cm":32675,"minecraft:interact_with_furnace":4,"minecraft:damage_taken":50,"minecraft:walk_one_cm":49500,"minecraft:drop":7,"minecraft:damage_dealt":6,"minecraft:interact_with_crafting_table":1,"minecraft:fly_one_cm":40659,"minecraft:open_chest":38,"minecraft:crouch_one_cm":492,"minecraft:play_time":15950,"minecraft:sneak_time":155,"minecraft:boat_one_cm":3969,"minecraft:jump":190,"minecraft:interact_with_blast_furnace":2,"minecraft:leave_game":2,"minecraft:time_since_death":15950,"minecraft:sleep_in_bed":1,"minecraft:total_world_time":15950,"minecraft:fall_one_cm":3503},"minecraft:picked_up":{"projectvibrantjourneys:light_brown_bark_mushroom":2,"minecraft:stick":1,"minecraft:iron_chestplate":1,"projectvibrantjourneys:bark_mushroom":2,"minecraft:brown_mushroom":1,"minecraft:diamond_sword":1,"projectvibrantjourneys:birch_hollow_log":1,"minecraft:oak_log":4,"minecraft:moss_carpet":1,"minecraft:iron_leggings":1,"tacz:ammo_box":1,"minecraft:diamond":19,"minecraft:wheat_seeds":2,"tacz:modern_kinetic_gun":1,"minecraft:iron_helmet":1,"minecraft:bread":25,"projectvibrantjourneys:orange_bark_mushroom":1,"minecraft:coal":1,"minecraft:iron_boots":1,"minecraft:diamond_pickaxe":1},"minecraft:used":{"projectvibrantjourneys:light_brown_bark_mushroom":2,"minecraft:moss_carpet":1,"minecraft:diamond_pickaxe":2,"minecraft:iron_axe":1,"minecraft:bread":2,"minecraft:iron_helmet":1,"minecraft:iron_boots":1,"minecraft:iron_chestplate":1,"alexsmobs:animal_dictionary":1,"minecraft:iron_leggings":1},"minecraft:dropped":{"minecraft:wheat_seeds":2,"minecraft:diamond":38,"projectvibrantjourneys:orange_bark_mushroom":1,"projectvibrantjourneys:bark_mushroom":2}},"DataVersion":3465}