{"stats":{"minecraft:used":{"minecraft:spruce_planks":19,"minecraft:wooden_pickaxe":9,"minecraft:stone_axe":41,"minecraft:crafting_table":1},"minecraft:crafted":{"minecraft:crafting_table":1,"minecraft:spruce_planks":36,"minecraft:stick":16,"minecraft:wooden_pickaxe":1,"minecraft:stone_pickaxe":1,"minecraft:stone_axe":1},"minecraft:dropped":{"minecraft:wooden_pickaxe":2,"minecraft:spruce_sapling":9},"minecraft:killed":{"minecraft:pig":2},"minecraft:picked_up":{"minecraft:stick":20,"minecraft:crafting_table":2,"minecraft:wooden_pickaxe":1,"minecraft:porkchop":8,"minecraft:spruce_sapling":9,"minecraft:spruce_log":41,"alexsmobs:animal_dictionary":1,"minecraft:dirt":1,"minecraft:stone_axe":1,"minecraft:spruce_planks":23,"minecraft:stone_pickaxe":1,"minecraft:cobblestone":12},"minecraft:mined":{"minecraft:spruce_planks":3,"minecraft:spruce_log":25,"minecraft:crafting_table":1,"minecraft:grass_block":1,"minecraft:spruce_leaves":21,"minecraft:stone":9},"minecraft:custom":{"minecraft:time_since_rest":6649,"minecraft:sprint_one_cm":13160,"minecraft:damage_taken":340,"minecraft:walk_one_cm":22620,"minecraft:mob_kills":2,"minecraft:drop":11,"minecraft:damage_dealt":200,"minecraft:fly_one_cm":13494,"minecraft:interact_with_crafting_table":2,"minecraft:crouch_one_cm":2767,"minecraft:play_time":24487,"minecraft:deaths":1,"minecraft:sneak_time":868,"minecraft:walk_under_water_one_cm":233,"minecraft:jump":195,"minecraft:leave_game":1,"minecraft:time_since_death":6619,"minecraft:walk_on_water_one_cm":252,"minecraft:total_world_time":24487,"minecraft:fall_one_cm":7720}},"DataVersion":3465}