{"stats":{"minecraft:dropped":{"minecraft:white_stained_glass_pane":1,"sereneseasons:calendar":1},"minecraft:mined":{"minecraft:coarse_dirt":1,"minecraft:dirt":1},"minecraft:used":{"minecraft:iron_hoe":1,"minecraft:moss_block":1,"minecraft:gray_terracotta":6,"minecraft:water_bucket":13,"minecraft:light_blue_stained_glass_pane":25,"minecraft:iron_bars":178,"minecraft:bookshelf":1,"minecraft:grass_block":191,"minecraft:diamond_hoe":162,"minecraft:ladder":17,"minecraft:oak_planks":612,"tacz:gun_smith_table":5,"minecraft:iron_helmet":1,"minecraft:stone":71,"minecraft:iron_boots":1,"minecraft:farmland":7,"minecraft:stone_brick_stairs":7,"minecraft:stone_bricks":446,"minecraft:iron_chestplate":1,"minecraft:torch":250,"minecraft:dirt":1,"minecraft:gray_glazed_terracotta":2,"minecraft:oak_slab":37,"minecraft:white_stained_glass_pane":10,"minecraft:glass_pane":77,"minecraft:potato":193,"minecraft:coarse_dirt":1,"minecraft:iron_leggings":1},"minecraft:picked_up":{"sereneseasons:calendar":1,"minecraft:oak_slab":1,"minecraft:coarse_dirt":1,"minecraft:ladder":1,"minecraft:torch":2,"minecraft:dirt":1},"minecraft:crafted":{"minecraft:oak_slab":6},"minecraft:killed":{"hordes:drowned_player":1},"minecraft:custom":{"minecraft:time_since_rest":21341,"minecraft:sprint_one_cm":126731,"minecraft:damage_taken":471,"minecraft:walk_one_cm":403907,"minecraft:mob_kills":2,"minecraft:drop":2,"minecraft:damage_dealt":403,"minecraft:talked_to_villager":1,"minecraft:interact_with_crafting_table":12,"minecraft:fly_one_cm":323695,"minecraft:open_chest":14,"minecraft:crouch_one_cm":1027,"minecraft:play_time":96351,"minecraft:deaths":1,"minecraft:sneak_time":1258,"minecraft:walk_under_water_one_cm":34,"minecraft:jump":206,"minecraft:leave_game":3,"minecraft:time_since_death":92261,"minecraft:walk_on_water_one_cm":3494,"minecraft:sleep_in_bed":1,"minecraft:climb_one_cm":13918,"minecraft:total_world_time":101310,"minecraft:fall_one_cm":2924}},"DataVersion":3465}